worker_id,age,gender,education_level,experience_years,job_role,skill_score,daily_wage,work_hours,site_type,city_tier,safety_training,accident_history,attendance_rate,contractor_rating,project_deadline_days,weather_condition,productivity_score
1,41,Female,Degree,2,Supervisor,86,596,9,Residential,Tier1,No,2,0.72,3.6,55,Extreme,45.4
2,26,Male,Degree,16,Mason,47,533,9,Residential,Tier1,Yes,0,0.96,2.6,48,Rainy,58.8
3,47,Male,None,19,Mason,91,840,9,Infrastructure,Tier3,No,2,0.98,4.4,65,Extreme,50.7
4,41,Male,None,9,Engineer,52,1360,10,Commercial,Tier3,Yes,0,0.97,4.2,61,Extreme,43.9
5,36,Male,HighSchool,10,Engineer,73,1168,7,Residential,Tier1,No,2,0.87,3.4,29,Extreme,46.6
6,56,Male,HighSchool,12,Supervisor,63,866,8,Infrastructure,Tier3,Yes,2,0.95,3.0,73,Normal,36.8
7,28,Female,HighSchool,3,Electrician,51,1272,8,Infrastructure,Tier2,No,2,0.67,2.6,40,Extreme,19.7
8,47,Female,HighSchool,0,Electrician,71,1275,6,Infrastructure,Tier1,Yes,1,0.77,3.2,30,Extreme,38.8
9,34,Female,HighSchool,19,Engineer,41,1083,7,Infrastructure,Tier2,Yes,1,0.82,2.5,110,Rainy,29.5
10,44,Female,Degree,8,Supervisor,52,755,9,Commercial,Tier3,Yes,0,0.86,3.7,24,Normal,40.4
11,52,Male,Diploma,9,Electrician,61,1472,9,Residential,Tier1,No,1,0.92,4.1,31,Normal,48.5
12,45,Male,Diploma,15,Mason,68,584,7,Commercial,Tier2,No,2,0.89,4.8,82,Normal,42.5
13,34,Female,Degree,10,Supervisor,60,851,8,Infrastructure,Tier2,Yes,2,0.87,3.0,26,Normal,36.4
14,57,Female,None,1,Supervisor,79,1286,9,Residential,Tier2,No,0,0.65,3.9,56,Rainy,41.9
15,37,Female,HighSchool,6,Electrician,70,933,10,Infrastructure,Tier3,Yes,3,0.67,3.1,120,Extreme,18.2
16,47,Female,Diploma,18,Mason,82,716,8,Commercial,Tier1,Yes,0,0.62,2.6,110,Rainy,51.6
17,39,Male,HighSchool,4,Supervisor,53,1388,10,Commercial,Tier1,No,3,0.72,2.6,112,Rainy,27.8
18,60,Male,None,17,Mason,82,480,10,Infrastructure,Tier1,No,3,0.66,4.8,98,Normal,42.1
19,59,Male,HighSchool,1,Electrician,65,480,9,Infrastructure,Tier3,Yes,2,0.76,4.5,16,Normal,30.5
20,32,Male,Degree,17,Supervisor,46,1396,6,Residential,Tier3,Yes,2,0.8,3.1,27,Normal,35.5
21,28,Male,Degree,9,Engineer,82,590,10,Infrastructure,Tier2,Yes,1,0.61,4.8,34,Normal,53.7
22,37,Male,Diploma,10,Engineer,93,684,8,Commercial,Tier3,No,0,0.86,3.3,77,Normal,58.4
23,54,Female,HighSchool,16,Supervisor,66,752,10,Infrastructure,Tier1,Yes,2,0.7,4.0,46,Rainy,34.2
24,43,Female,HighSchool,1,Supervisor,55,1193,6,Infrastructure,Tier2,Yes,3,0.65,3.3,117,Extreme,14.3
25,51,Female,None,14,Mason,81,1164,9,Residential,Tier2,Yes,1,0.66,3.1,48,Normal,40.8
26,39,Male,Diploma,2,Supervisor,87,1012,7,Residential,Tier3,No,3,0.96,3.1,29,Rainy,37.6
27,52,Male,Degree,7,Engineer,60,1013,7,Infrastructure,Tier3,No,3,0.99,3.0,31,Extreme,35.9
28,52,Male,HighSchool,19,Supervisor,83,930,6,Commercial,Tier3,Yes,0,0.95,3.3,49,Rainy,58.9
29,32,Male,Degree,12,Engineer,78,910,8,Residential,Tier1,No,2,0.74,3.2,57,Rainy,53.6
30,48,Female,HighSchool,1,Electrician,68,620,7,Commercial,Tier3,Yes,0,0.72,4.3,83,Normal,34.9
31,36,Female,HighSchool,8,Engineer,78,412,9,Infrastructure,Tier2,No,3,0.84,2.5,74,Rainy,29.4
32,39,Male,Diploma,15,Electrician,68,1297,6,Commercial,Tier3,Yes,3,0.99,3.9,41,Extreme,34.5
33,54,Female,Degree,20,Electrician,89,928,7,Infrastructure,Tier2,No,3,0.97,2.6,79,Rainy,47.0
34,24,Male,HighSchool,19,Electrician,57,868,7,Infrastructure,Tier1,No,3,0.86,3.9,48,Normal,36.7
35,44,Female,HighSchool,1,Engineer,89,859,7,Commercial,Tier3,No,2,0.8,2.8,68,Extreme,32.9
36,22,Male,None,17,Supervisor,67,1000,9,Infrastructure,Tier2,No,3,0.65,2.5,27,Rainy,31.9
37,24,Male,Degree,7,Electrician,48,1189,9,Commercial,Tier2,Yes,1,0.81,3.3,107,Rainy,43.5
38,44,Male,HighSchool,6,Electrician,44,439,7,Commercial,Tier2,No,2,0.79,4.9,27,Rainy,28.2
39,32,Female,Degree,12,Electrician,56,1110,8,Commercial,Tier1,Yes,3,0.7,4.1,113,Rainy,30.0
40,30,Female,HighSchool,7,Supervisor,64,1393,8,Commercial,Tier1,Yes,0,0.63,3.0,27,Normal,41.3
41,18,Male,HighSchool,15,Electrician,78,1127,7,Residential,Tier1,Yes,2,0.9,4.8,88,Rainy,50.7
42,42,Female,HighSchool,11,Mason,89,1030,8,Commercial,Tier1,No,2,0.76,3.8,35,Rainy,43.1
43,52,Male,Degree,1,Supervisor,61,982,6,Residential,Tier2,No,2,0.81,2.8,108,Extreme,40.9
44,36,Female,Degree,2,Engineer,65,1434,9,Infrastructure,Tier1,No,3,1.0,3.6,45,Normal,36.6
45,60,Male,Degree,8,Mason,41,1086,6,Residential,Tier1,No,1,0.69,4.8,113,Rainy,42.6
46,33,Female,HighSchool,1,Electrician,77,1261,8,Commercial,Tier3,No,1,0.83,2.5,43,Normal,34.7
47,52,Female,HighSchool,1,Mason,80,1065,6,Commercial,Tier1,Yes,1,0.76,2.8,62,Rainy,42.5
48,23,Female,Degree,19,Electrician,79,729,9,Infrastructure,Tier3,Yes,0,0.67,4.8,42,Extreme,50.7
49,44,Male,Diploma,2,Mason,92,1082,8,Residential,Tier2,Yes,2,0.74,3.1,66,Extreme,45.2
50,33,Female,None,14,Supervisor,62,890,7,Residential,Tier1,No,3,0.92,3.7,33,Extreme,30.4
51,25,Male,Diploma,13,Supervisor,60,1125,6,Residential,Tier1,No,3,0.78,2.9,81,Normal,34.5
52,60,Female,Diploma,7,Mason,93,946,7,Residential,Tier2,Yes,3,0.7,3.2,54,Extreme,32.3
53,42,Female,None,13,Supervisor,84,1143,7,Infrastructure,Tier3,Yes,1,0.77,4.0,108,Normal,39.9
54,35,Male,Diploma,18,Engineer,73,1170,6,Infrastructure,Tier2,Yes,3,0.95,3.9,43,Rainy,40.6
55,30,Male,None,2,Supervisor,61,405,10,Residential,Tier1,No,0,0.76,4.6,18,Extreme,49.2
56,28,Male,HighSchool,4,Electrician,46,711,7,Infrastructure,Tier3,Yes,3,0.85,4.1,113,Rainy,19.6
57,27,Male,HighSchool,13,Mason,53,660,9,Residential,Tier1,Yes,3,0.85,4.9,100,Normal,33.1
58,22,Female,None,8,Mason,77,499,10,Infrastructure,Tier3,Yes,3,0.86,4.3,107,Extreme,25.4
59,19,Male,None,4,Supervisor,91,883,8,Residential,Tier1,Yes,3,0.71,3.7,100,Normal,42.8
60,37,Female,None,0,Mason,54,1027,9,Infrastructure,Tier3,Yes,1,0.83,3.2,26,Rainy,25.2
61,47,Female,Diploma,2,Supervisor,50,576,6,Infrastructure,Tier3,Yes,2,0.87,3.2,107,Rainy,19.0
62,47,Male,None,12,Electrician,74,471,6,Residential,Tier2,No,2,0.89,3.4,78,Rainy,44.0
63,38,Female,Diploma,12,Supervisor,91,1123,8,Residential,Tier2,Yes,0,0.85,3.4,50,Extreme,54.0
64,40,Female,Degree,9,Electrician,84,928,8,Residential,Tier3,No,3,0.65,3.8,11,Extreme,31.3
65,47,Female,None,2,Mason,79,1311,10,Commercial,Tier2,No,1,0.8,3.3,108,Normal,39.2
66,54,Female,HighSchool,1,Mason,95,413,6,Infrastructure,Tier3,No,0,0.74,4.0,22,Normal,46.1
67,27,Male,Diploma,13,Supervisor,53,1207,7,Residential,Tier2,No,3,0.67,2.8,52,Rainy,25.5
68,18,Male,HighSchool,16,Mason,74,1232,6,Infrastructure,Tier2,No,3,0.79,3.4,29,Normal,37.2
69,57,Male,HighSchool,20,Mason,85,1039,9,Residential,Tier2,Yes,2,0.92,2.9,32,Normal,51.4
70,52,Male,HighSchool,18,Engineer,68,900,10,Infrastructure,Tier2,Yes,2,0.68,4.2,115,Normal,39.2
71,36,Female,None,13,Mason,95,1051,7,Commercial,Tier3,No,3,0.63,4.5,115,Rainy,29.5
72,42,Female,None,1,Engineer,40,814,7,Infrastructure,Tier1,No,2,0.92,4.3,57,Normal,23.7
73,24,Male,None,16,Supervisor,40,1298,8,Residential,Tier2,No,2,0.84,3.0,18,Rainy,30.6
74,51,Male,HighSchool,14,Engineer,93,1137,8,Residential,Tier3,No,3,0.86,3.7,88,Rainy,41.6
75,26,Male,None,6,Supervisor,60,754,9,Residential,Tier1,Yes,0,0.69,4.9,26,Extreme,48.6
76,59,Female,Diploma,2,Electrician,74,652,8,Residential,Tier2,No,0,0.96,4.3,103,Extreme,46.4
77,52,Male,Diploma,13,Supervisor,44,1179,7,Residential,Tier1,No,3,0.73,4.1,99,Normal,27.1
78,44,Male,Diploma,1,Supervisor,59,1016,8,Commercial,Tier3,Yes,1,0.78,3.3,90,Rainy,34.5
79,52,Female,Diploma,20,Mason,46,1374,6,Commercial,Tier3,Yes,1,0.69,4.1,97,Rainy,25.2
80,44,Female,HighSchool,4,Mason,89,414,8,Residential,Tier3,Yes,2,0.93,4.2,33,Rainy,36.4
81,25,Male,HighSchool,8,Supervisor,90,1024,7,Infrastructure,Tier3,Yes,1,0.62,2.7,95,Rainy,45.8
82,54,Male,HighSchool,12,Engineer,56,638,8,Residential,Tier2,No,0,0.85,4.1,93,Normal,48.0
83,46,Female,HighSchool,6,Mason,63,1479,7,Infrastructure,Tier3,Yes,3,0.76,4.0,97,Extreme,17.2
84,34,Male,HighSchool,7,Engineer,45,667,9,Infrastructure,Tier2,No,2,0.92,3.8,97,Normal,31.5
85,40,Female,HighSchool,12,Supervisor,93,700,6,Residential,Tier2,Yes,1,0.84,2.9,47,Normal,48.6
86,51,Female,Degree,11,Electrician,46,525,8,Commercial,Tier2,No,1,0.76,4.9,113,Rainy,34.9
87,60,Male,Degree,18,Supervisor,50,1121,7,Commercial,Tier2,No,1,0.79,3.4,87,Extreme,47.2
88,30,Female,HighSchool,19,Engineer,63,1319,6,Infrastructure,Tier1,Yes,0,0.77,3.8,43,Extreme,47.3
89,42,Female,Diploma,3,Engineer,76,1138,6,Infrastructure,Tier3,Yes,1,0.68,2.9,53,Normal,31.9
90,35,Male,Degree,7,Engineer,75,957,8,Residential,Tier1,Yes,2,0.76,2.8,65,Extreme,51.3
91,24,Male,None,6,Electrician,64,675,8,Residential,Tier2,No,1,0.78,4.3,92,Extreme,42.0
92,33,Male,Diploma,2,Mason,67,829,9,Infrastructure,Tier2,Yes,1,0.87,4.8,89,Normal,43.8
93,49,Male,None,1,Supervisor,64,1406,10,Infrastructure,Tier1,Yes,0,0.85,4.7,84,Normal,51.9
94,44,Male,Degree,18,Engineer,53,566,9,Commercial,Tier2,Yes,0,0.7,3.2,83,Normal,52.6
95,52,Male,Degree,1,Electrician,64,1396,8,Residential,Tier1,No,3,0.91,3.7,40,Normal,42.1
96,56,Male,Degree,20,Mason,70,763,8,Commercial,Tier1,No,2,0.95,2.6,60,Extreme,57.0
97,18,Female,HighSchool,4,Engineer,40,755,9,Infrastructure,Tier1,Yes,3,0.62,4.7,75,Rainy,12.6
98,52,Female,None,16,Supervisor,67,1072,7,Infrastructure,Tier3,Yes,0,0.7,3.9,40,Normal,38.6
99,56,Female,HighSchool,11,Electrician,84,1030,9,Residential,Tier1,Yes,0,0.74,4.6,84,Rainy,52.7
100,33,Male,None,11,Electrician,73,1382,6,Infrastructure,Tier2,Yes,1,0.81,2.6,114,Normal,47.7
101,50,Female,HighSchool,15,Electrician,88,797,6,Commercial,Tier3,Yes,1,0.62,4.5,73,Normal,39.1
102,50,Female,Degree,6,Electrician,74,515,6,Infrastructure,Tier3,No,2,0.79,4.5,46,Extreme,35.2
103,24,Male,HighSchool,13,Electrician,61,1410,6,Residential,Tier3,No,1,0.98,2.5,105,Normal,42.9
104,23,Female,None,15,Mason,51,595,6,Residential,Tier1,Yes,2,0.94,4.2,67,Normal,32.7
105,42,Male,HighSchool,5,Engineer,59,1421,7,Infrastructure,Tier3,Yes,3,0.73,3.4,15,Extreme,22.7
106,45,Male,Diploma,9,Electrician,50,489,10,Infrastructure,Tier1,Yes,0,0.65,3.7,99,Normal,44.7
107,47,Male,Degree,1,Mason,68,1053,7,Commercial,Tier1,Yes,3,0.75,4.6,75,Normal,40.5
108,60,Female,None,0,Supervisor,90,1286,6,Infrastructure,Tier3,Yes,0,0.69,3.6,75,Normal,42.8
109,20,Male,Diploma,10,Engineer,79,1133,6,Commercial,Tier1,No,0,0.9,2.9,107,Rainy,61.6
110,19,Female,Degree,4,Engineer,42,1256,8,Infrastructure,Tier2,Yes,3,0.82,4.9,52,Extreme,20.4
111,60,Male,Diploma,6,Electrician,47,1080,9,Residential,Tier3,Yes,2,0.7,3.5,73,Rainy,23.6
112,29,Male,Diploma,14,Supervisor,42,843,10,Infrastructure,Tier2,No,0,0.9,4.2,83,Rainy,44.0
113,27,Male,HighSchool,15,Supervisor,76,706,7,Residential,Tier2,No,1,0.85,4.5,49,Normal,50.9
114,27,Male,Degree,16,Engineer,46,1078,8,Infrastructure,Tier2,Yes,3,1.0,4.3,45,Extreme,37.2
115,30,Male,None,10,Mason,49,576,6,Residential,Tier3,Yes,0,0.73,4.5,22,Extreme,38.2
116,29,Male,Degree,13,Mason,44,718,10,Infrastructure,Tier2,Yes,3,0.87,2.6,86,Rainy,32.9
117,22,Female,HighSchool,13,Engineer,46,1094,8,Commercial,Tier3,No,3,0.81,3.6,63,Rainy,13.5
118,24,Male,HighSchool,20,Electrician,51,1421,10,Infrastructure,Tier2,No,0,0.92,3.3,87,Rainy,49.8
119,58,Female,HighSchool,13,Supervisor,94,629,10,Commercial,Tier2,Yes,1,0.93,4.0,105,Normal,51.1
120,59,Female,Diploma,15,Mason,91,1323,8,Residential,Tier2,Yes,0,0.61,3.6,18,Normal,50.1
121,51,Male,HighSchool,2,Electrician,52,1373,6,Infrastructure,Tier2,No,1,0.69,3.4,33,Normal,34.2
122,21,Female,HighSchool,4,Mason,61,934,10,Residential,Tier3,Yes,2,0.89,4.2,97,Rainy,24.4
123,20,Female,None,12,Supervisor,79,1498,9,Residential,Tier1,No,2,0.74,4.6,87,Rainy,39.0
124,41,Male,None,9,Electrician,78,1464,9,Residential,Tier3,No,0,1.0,4.2,11,Extreme,54.9
125,50,Female,Degree,4,Mason,45,801,8,Residential,Tier1,Yes,2,0.71,3.9,99,Extreme,29.4
126,49,Female,Diploma,16,Supervisor,57,1319,8,Residential,Tier2,No,0,0.95,3.4,57,Rainy,43.6
127,48,Female,Degree,16,Engineer,67,1239,8,Commercial,Tier2,Yes,2,0.89,4.4,81,Rainy,41.4
128,18,Female,Diploma,5,Electrician,41,848,10,Commercial,Tier3,Yes,0,0.79,2.7,77,Rainy,26.7
129,27,Male,Degree,2,Supervisor,55,547,8,Residential,Tier3,Yes,1,0.93,4.9,40,Normal,43.2
130,41,Male,None,3,Electrician,62,1211,10,Residential,Tier3,No,0,1.0,3.6,72,Extreme,46.7
131,43,Male,HighSchool,20,Mason,84,787,6,Commercial,Tier2,Yes,0,0.89,2.9,104,Normal,62.4
132,40,Female,None,1,Supervisor,67,447,8,Infrastructure,Tier3,No,2,0.63,2.5,35,Normal,20.7
133,49,Female,None,9,Engineer,75,824,7,Commercial,Tier3,No,3,0.79,3.1,84,Extreme,23.5
134,19,Male,Diploma,19,Engineer,84,886,9,Commercial,Tier2,No,0,0.84,4.0,112,Extreme,61.1
135,42,Male,Diploma,1,Electrician,56,1077,7,Infrastructure,Tier2,No,2,0.79,3.5,103,Rainy,31.5
136,48,Female,HighSchool,20,Electrician,66,645,9,Residential,Tier2,Yes,1,0.75,5.0,76,Extreme,38.4
137,23,Female,None,8,Supervisor,92,650,8,Residential,Tier3,Yes,3,0.65,4.5,106,Extreme,27.2
138,54,Female,None,19,Electrician,72,612,6,Residential,Tier1,Yes,2,0.63,3.0,64,Extreme,36.1
139,59,Female,HighSchool,4,Engineer,82,1071,10,Infrastructure,Tier2,Yes,2,0.87,3.5,26,Normal,36.4
140,53,Female,Degree,14,Electrician,61,1182,6,Infrastructure,Tier1,No,0,0.93,4.1,44,Rainy,55.2
141,42,Male,HighSchool,14,Mason,44,908,8,Residential,Tier1,Yes,0,0.82,4.1,57,Normal,47.2
142,28,Male,Diploma,16,Electrician,40,1358,9,Commercial,Tier1,No,2,0.61,2.6,59,Normal,30.0
143,18,Male,None,8,Engineer,82,742,8,Commercial,Tier1,No,0,0.68,4.9,84,Rainy,57.8
144,33,Female,HighSchool,17,Electrician,86,1475,7,Commercial,Tier3,Yes,0,0.93,4.5,11,Extreme,51.1
145,32,Male,None,2,Supervisor,74,1380,9,Infrastructure,Tier2,No,1,0.62,3.1,55,Normal,41.6
146,44,Female,HighSchool,20,Engineer,66,773,7,Commercial,Tier3,Yes,0,0.89,3.9,99,Normal,43.2
147,33,Female,HighSchool,5,Electrician,59,1492,10,Residential,Tier3,No,3,0.84,3.1,94,Extreme,16.9
148,24,Male,None,8,Supervisor,93,436,8,Residential,Tier3,No,2,0.64,4.3,77,Extreme,41.4
149,46,Male,Diploma,10,Engineer,79,1365,8,Commercial,Tier1,Yes,0,0.82,4.5,19,Normal,60.0
150,37,Male,HighSchool,4,Electrician,89,629,6,Commercial,Tier3,Yes,0,0.62,4.0,13,Rainy,50.2
151,19,Female,HighSchool,15,Electrician,74,1331,6,Residential,Tier3,Yes,0,0.81,2.7,90,Extreme,43.3
152,58,Male,Degree,12,Engineer,69,451,6,Infrastructure,Tier3,Yes,3,0.81,4.9,34,Normal,37.4
153,32,Female,None,8,Supervisor,83,873,6,Residential,Tier1,No,1,0.81,3.2,20,Rainy,46.8
154,38,Female,Diploma,9,Electrician,64,1170,7,Infrastructure,Tier2,Yes,1,0.98,4.9,63,Extreme,38.9
155,42,Female,None,8,Engineer,91,819,9,Infrastructure,Tier3,No,1,0.7,3.0,91,Extreme,39.8
156,42,Male,HighSchool,8,Electrician,77,1291,8,Infrastructure,Tier1,No,1,0.97,2.9,94,Rainy,55.6
157,33,Male,None,20,Engineer,45,1113,6,Infrastructure,Tier3,No,0,0.63,3.8,38,Rainy,37.6
158,56,Male,HighSchool,15,Supervisor,92,652,10,Infrastructure,Tier1,No,0,0.78,2.8,88,Extreme,65.9
159,32,Male,Diploma,8,Mason,60,620,7,Residential,Tier2,No,3,0.76,2.7,80,Normal,28.6
160,20,Male,Degree,4,Mason,54,769,10,Commercial,Tier1,No,2,0.73,2.8,58,Extreme,41.4
161,23,Male,Diploma,11,Engineer,50,1062,9,Residential,Tier3,Yes,0,0.7,3.2,54,Normal,38.3
162,59,Female,HighSchool,12,Electrician,92,1247,9,Infrastructure,Tier3,No,2,0.84,2.6,67,Normal,38.2
163,40,Male,None,7,Mason,54,737,9,Residential,Tier2,No,2,0.61,2.9,40,Rainy,28.9
164,42,Male,Degree,15,Supervisor,78,1230,9,Commercial,Tier2,No,3,0.74,5.0,17,Rainy,44.5
165,24,Male,Degree,0,Mason,64,1382,7,Residential,Tier1,No,1,0.82,4.2,71,Normal,52.0
166,58,Female,HighSchool,3,Electrician,82,482,10,Infrastructure,Tier2,Yes,2,0.76,2.6,116,Rainy,33.9
167,51,Female,Degree,10,Mason,89,734,8,Commercial,Tier2,No,0,0.94,3.4,29,Normal,61.4
168,44,Male,None,18,Mason,75,529,9,Infrastructure,Tier1,Yes,2,0.78,4.5,47,Extreme,48.0
169,54,Male,Diploma,18,Electrician,85,1228,7,Residential,Tier3,Yes,2,0.8,3.1,60,Normal,44.4
170,51,Male,Degree,8,Engineer,88,1462,9,Commercial,Tier3,No,0,0.98,3.9,77,Extreme,65.2
171,35,Female,Diploma,18,Electrician,52,982,7,Residential,Tier3,Yes,0,0.88,4.0,116,Extreme,36.8
172,44,Male,Degree,11,Engineer,82,1404,10,Residential,Tier3,No,1,0.85,4.4,27,Extreme,55.1
173,46,Female,None,15,Electrician,51,470,7,Commercial,Tier1,Yes,3,0.91,4.9,35,Extreme,26.1
174,29,Female,Diploma,16,Electrician,67,1088,9,Infrastructure,Tier2,Yes,0,0.75,3.8,78,Rainy,43.6
175,36,Female,Degree,8,Engineer,74,1273,8,Infrastructure,Tier3,Yes,3,0.84,4.6,60,Extreme,30.8
176,24,Male,Diploma,14,Supervisor,81,817,8,Residential,Tier2,Yes,3,0.87,4.1,25,Normal,41.0
177,27,Male,Diploma,12,Engineer,41,1153,6,Infrastructure,Tier2,Yes,3,0.75,4.2,120,Rainy,22.0
178,53,Male,None,19,Supervisor,89,1017,7,Commercial,Tier1,Yes,3,0.63,3.3,120,Rainy,44.9
179,19,Male,None,18,Mason,77,409,10,Commercial,Tier2,No,3,0.92,3.5,76,Rainy,41.6
180,56,Female,Degree,2,Supervisor,53,992,7,Commercial,Tier3,Yes,2,0.99,4.9,30,Extreme,29.6
181,37,Female,HighSchool,6,Engineer,87,876,6,Residential,Tier2,Yes,0,0.78,4.9,72,Rainy,49.2
182,24,Female,Degree,7,Engineer,73,429,6,Residential,Tier3,No,0,0.6,4.4,16,Rainy,43.3
183,45,Male,None,19,Supervisor,87,861,8,Commercial,Tier2,No,3,0.61,4.4,82,Normal,39.7
184,30,Female,HighSchool,1,Supervisor,92,1078,7,Infrastructure,Tier1,Yes,2,0.99,3.9,81,Extreme,45.9
185,18,Female,None,12,Engineer,44,800,7,Commercial,Tier2,No,3,0.72,2.9,70,Normal,14.6
186,35,Male,None,1,Mason,95,467,8,Infrastructure,Tier1,Yes,1,0.9,4.9,63,Extreme,59.3
187,31,Female,None,20,Supervisor,58,1477,10,Residential,Tier3,Yes,2,0.97,4.7,113,Extreme,29.6
188,22,Male,None,14,Electrician,76,1104,10,Commercial,Tier3,No,2,0.71,3.2,81,Normal,37.8
189,55,Male,None,16,Mason,75,1019,9,Residential,Tier2,No,1,0.65,2.5,33,Rainy,46.8
190,28,Male,None,9,Mason,64,1299,6,Residential,Tier1,Yes,2,0.63,3.3,11,Normal,37.9
191,18,Female,Degree,7,Mason,47,1003,6,Commercial,Tier3,No,3,0.9,3.7,49,Normal,20.9
192,57,Male,Diploma,9,Supervisor,42,598,9,Commercial,Tier2,No,2,0.75,3.6,97,Extreme,27.5
193,58,Male,None,19,Electrician,93,1086,7,Infrastructure,Tier3,No,1,0.86,4.2,17,Rainy,55.1
194,46,Male,None,12,Supervisor,73,452,6,Commercial,Tier3,No,2,0.8,3.2,73,Extreme,37.8
195,34,Female,Degree,12,Electrician,58,737,7,Commercial,Tier1,Yes,1,0.88,2.9,115,Normal,46.4
196,20,Male,None,9,Supervisor,59,1328,10,Residential,Tier2,Yes,2,0.94,3.9,88,Extreme,38.1
197,43,Male,HighSchool,4,Engineer,73,1419,8,Commercial,Tier3,Yes,3,0.91,3.3,107,Rainy,31.6
198,22,Male,None,19,Engineer,68,508,8,Residential,Tier3,No,2,0.91,4.9,106,Rainy,40.1
199,47,Male,HighSchool,17,Engineer,61,952,7,Infrastructure,Tier1,No,3,0.98,3.1,90,Rainy,40.1
200,60,Female,None,14,Electrician,67,1006,10,Infrastructure,Tier2,Yes,1,0.68,2.9,25,Normal,35.6
201,45,Female,Diploma,6,Mason,63,1142,7,Commercial,Tier3,Yes,3,0.98,2.7,112,Extreme,21.6
202,52,Male,None,16,Engineer,58,1272,9,Residential,Tier1,Yes,3,0.76,4.4,95,Extreme,34.2
203,54,Female,None,12,Electrician,91,1178,7,Infrastructure,Tier1,No,1,0.96,3.7,48,Normal,54.2
204,27,Female,Diploma,11,Supervisor,69,984,6,Infrastructure,Tier2,Yes,2,0.88,2.7,96,Normal,33.5
205,48,Female,Degree,16,Engineer,59,864,7,Commercial,Tier1,No,3,0.73,4.9,37,Rainy,33.0
206,27,Male,HighSchool,18,Mason,75,640,7,Infrastructure,Tier2,Yes,2,0.78,4.5,112,Rainy,44.0
207,50,Female,Degree,10,Electrician,59,1467,8,Infrastructure,Tier1,No,1,0.82,3.4,45,Extreme,45.0
208,38,Female,Diploma,13,Supervisor,46,484,8,Residential,Tier2,Yes,2,0.93,4.9,100,Normal,25.9
209,39,Male,HighSchool,17,Supervisor,93,762,9,Commercial,Tier1,No,0,0.86,2.7,89,Rainy,68.5
210,60,Female,Diploma,19,Electrician,64,1472,8,Infrastructure,Tier3,No,1,0.85,4.7,53,Extreme,35.3
211,33,Male,None,10,Mason,72,861,8,Infrastructure,Tier1,No,3,0.81,4.2,95,Extreme,39.0
212,51,Female,Diploma,12,Supervisor,60,1274,6,Commercial,Tier2,Yes,1,0.86,4.3,19,Rainy,35.8
213,29,Female,HighSchool,6,Electrician,62,580,10,Residential,Tier2,No,1,0.93,3.1,101,Rainy,36.2
214,52,Male,Degree,0,Supervisor,68,1400,6,Commercial,Tier1,No,0,0.74,3.6,101,Extreme,58.0
215,48,Male,None,5,Mason,88,449,10,Infrastructure,Tier1,No,3,0.72,3.8,105,Rainy,42.1
216,21,Male,Degree,12,Engineer,45,660,6,Commercial,Tier2,Yes,2,0.99,4.2,116,Rainy,41.4
217,21,Female,None,16,Engineer,52,856,9,Residential,Tier3,Yes,0,0.84,2.6,28,Rainy,35.4
218,60,Male,None,16,Electrician,94,1120,10,Residential,Tier1,Yes,2,0.83,2.7,40,Rainy,56.0
219,49,Male,Degree,8,Supervisor,56,781,6,Residential,Tier1,Yes,1,0.76,2.7,82,Extreme,50.0
220,38,Female,Degree,1,Supervisor,60,449,8,Infrastructure,Tier3,No,1,0.79,5.0,85,Extreme,34.1
221,35,Male,HighSchool,18,Electrician,53,669,8,Infrastructure,Tier3,No,1,0.76,3.2,40,Normal,36.8
222,43,Male,HighSchool,4,Supervisor,91,688,10,Commercial,Tier3,No,0,0.97,5.0,32,Extreme,58.0
223,43,Female,None,8,Supervisor,78,876,8,Commercial,Tier1,No,1,0.9,3.7,49,Extreme,46.6
224,55,Female,Diploma,16,Supervisor,71,1065,6,Residential,Tier3,Yes,2,0.73,4.9,36,Extreme,28.8
225,35,Male,HighSchool,8,Engineer,89,1107,7,Infrastructure,Tier3,Yes,2,0.83,4.4,20,Normal,43.6
226,58,Female,Diploma,7,Electrician,64,642,10,Infrastructure,Tier3,Yes,1,0.96,3.1,111,Normal,33.9
227,43,Female,HighSchool,6,Mason,61,818,8,Commercial,Tier1,Yes,2,0.63,4.8,90,Extreme,27.8
228,50,Male,Degree,10,Electrician,80,609,10,Infrastructure,Tier2,No,2,0.93,2.8,82,Extreme,53.6
229,31,Male,HighSchool,10,Mason,89,618,10,Infrastructure,Tier2,Yes,1,0.73,3.9,110,Normal,52.2
230,59,Female,HighSchool,4,Engineer,50,701,9,Commercial,Tier3,No,2,0.9,2.6,68,Normal,20.2
231,32,Female,HighSchool,1,Mason,45,1419,10,Residential,Tier2,Yes,2,0.83,4.4,113,Extreme,19.9
232,43,Male,Degree,7,Engineer,60,1477,9,Infrastructure,Tier2,No,3,0.9,3.4,10,Rainy,38.1
233,33,Male,Degree,10,Electrician,63,794,7,Residential,Tier3,No,2,0.63,3.2,71,Normal,36.8
234,46,Female,Degree,19,Engineer,72,654,7,Infrastructure,Tier1,No,0,0.95,2.6,54,Normal,61.5
235,20,Female,Degree,2,Supervisor,52,1095,7,Commercial,Tier3,No,2,0.73,2.7,20,Extreme,24.0
236,32,Female,None,12,Supervisor,76,1479,9,Commercial,Tier1,Yes,1,0.86,2.7,52,Normal,46.2
237,45,Male,Diploma,13,Supervisor,71,1399,10,Residential,Tier1,Yes,3,0.64,4.9,113,Normal,36.1
238,49,Male,HighSchool,9,Supervisor,55,986,8,Commercial,Tier3,Yes,3,0.99,4.6,92,Rainy,27.5
239,47,Female,None,2,Supervisor,41,418,7,Residential,Tier2,Yes,0,0.74,2.7,83,Rainy,28.8
240,24,Female,HighSchool,3,Electrician,40,872,8,Infrastructure,Tier1,Yes,2,0.8,4.5,90,Rainy,21.9
241,44,Female,Degree,4,Electrician,92,553,9,Infrastructure,Tier2,No,1,0.83,4.7,34,Normal,52.6
242,32,Female,Diploma,7,Mason,55,1298,9,Residential,Tier3,No,0,0.61,3.2,45,Extreme,29.3
243,50,Male,Diploma,1,Supervisor,58,1140,8,Commercial,Tier2,No,0,0.96,3.5,14,Normal,47.7
244,26,Female,None,9,Supervisor,50,817,7,Commercial,Tier1,No,1,0.62,4.8,16,Normal,30.1
245,37,Male,None,2,Mason,94,1293,7,Commercial,Tier3,Yes,0,0.69,3.7,66,Rainy,53.0
246,40,Male,Degree,18,Supervisor,60,1000,7,Infrastructure,Tier2,Yes,2,0.75,2.6,44,Extreme,44.4
247,27,Male,Degree,3,Engineer,85,1140,10,Residential,Tier1,No,1,0.77,3.2,49,Rainy,60.3
248,46,Male,HighSchool,12,Engineer,69,1035,6,Residential,Tier2,Yes,1,0.76,3.5,31,Extreme,45.4
249,59,Male,HighSchool,6,Engineer,93,682,9,Commercial,Tier1,Yes,1,0.7,3.7,98,Normal,56.0
250,38,Female,None,1,Supervisor,62,1282,9,Infrastructure,Tier1,No,1,0.83,2.9,64,Extreme,36.7
251,38,Male,Degree,20,Engineer,46,1173,10,Residential,Tier2,No,0,0.88,4.8,88,Normal,54.0
252,41,Female,Degree,10,Mason,50,1155,7,Commercial,Tier2,Yes,1,0.76,4.5,37,Rainy,36.2
253,32,Male,Degree,12,Engineer,64,1273,10,Commercial,Tier1,Yes,0,0.88,4.3,118,Rainy,62.8
254,51,Male,Diploma,18,Electrician,89,1362,9,Residential,Tier3,No,3,0.85,3.8,45,Rainy,41.0
255,51,Female,Diploma,18,Mason,93,512,6,Residential,Tier3,Yes,2,0.83,4.8,81,Normal,40.2
256,50,Male,Diploma,20,Electrician,41,1150,6,Residential,Tier1,No,2,0.71,3.1,38,Rainy,33.6
257,43,Male,Degree,1,Mason,85,862,7,Residential,Tier2,No,0,0.64,4.6,70,Normal,59.1
258,29,Female,HighSchool,4,Supervisor,61,929,10,Residential,Tier2,No,1,0.94,4.8,59,Rainy,35.4
259,42,Female,None,5,Supervisor,74,805,6,Infrastructure,Tier2,No,3,0.69,3.6,116,Rainy,23.9
260,37,Female,None,7,Engineer,50,1464,7,Commercial,Tier3,Yes,0,0.97,3.6,86,Normal,34.5
261,22,Male,Degree,18,Electrician,75,1086,7,Commercial,Tier1,No,3,0.71,3.9,15,Rainy,47.6
262,35,Female,Diploma,7,Electrician,66,1096,6,Infrastructure,Tier2,Yes,2,0.91,3.1,89,Extreme,31.7
263,46,Male,HighSchool,16,Electrician,76,542,9,Commercial,Tier1,Yes,0,0.71,3.3,29,Normal,58.4
264,20,Female,Degree,13,Electrician,57,1412,9,Commercial,Tier3,Yes,2,0.61,3.6,39,Normal,26.9
265,30,Male,Degree,8,Supervisor,53,829,6,Residential,Tier3,No,0,0.93,2.9,10,Extreme,50.2
266,60,Male,None,20,Electrician,79,1288,10,Residential,Tier3,No,1,0.69,3.8,34,Normal,46.4
267,44,Female,Degree,1,Supervisor,60,1466,9,Commercial,Tier2,Yes,2,0.63,4.9,33,Normal,28.9
268,26,Female,Degree,20,Electrician,71,853,9,Infrastructure,Tier1,No,1,0.66,2.7,22,Normal,49.6
269,60,Male,Diploma,11,Supervisor,85,1477,9,Commercial,Tier2,No,0,0.78,4.7,90,Normal,57.9
270,25,Female,None,13,Supervisor,92,478,9,Residential,Tier3,Yes,3,0.65,2.6,26,Rainy,28.7
271,46,Male,Degree,4,Supervisor,95,1356,10,Infrastructure,Tier3,Yes,0,0.95,2.6,86,Rainy,66.2
272,48,Female,None,14,Mason,79,1484,8,Residential,Tier1,Yes,1,0.97,3.0,24,Extreme,50.2
273,20,Female,None,3,Supervisor,87,583,9,Commercial,Tier1,No,3,0.74,4.1,13,Normal,33.5
274,29,Female,Degree,13,Supervisor,89,889,8,Residential,Tier3,No,1,0.78,4.4,56,Normal,49.1
275,57,Male,None,6,Supervisor,94,687,6,Residential,Tier3,Yes,0,0.67,4.7,72,Rainy,53.8
276,32,Male,HighSchool,7,Engineer,87,495,6,Commercial,Tier2,No,2,0.93,3.1,56,Normal,48.5
277,36,Male,Diploma,18,Mason,69,1212,8,Residential,Tier3,No,1,0.74,4.3,89,Normal,42.8
278,56,Female,Degree,4,Engineer,61,624,8,Residential,Tier2,Yes,2,0.83,3.2,20,Normal,34.2
279,42,Male,HighSchool,17,Supervisor,80,1433,10,Residential,Tier1,Yes,1,0.6,3.4,30,Normal,52.1
280,39,Female,None,11,Electrician,45,518,7,Residential,Tier3,Yes,1,0.86,3.0,108,Extreme,25.5
281,52,Male,Degree,19,Supervisor,42,744,10,Residential,Tier3,No,0,0.65,3.3,13,Extreme,43.5
282,32,Male,None,19,Mason,66,782,7,Infrastructure,Tier3,Yes,2,0.95,4.2,116,Extreme,40.1
283,27,Female,None,0,Electrician,41,1047,9,Residential,Tier1,No,2,0.84,4.4,49,Extreme,22.2
284,50,Female,HighSchool,5,Engineer,78,866,7,Infrastructure,Tier2,No,3,0.83,3.4,21,Extreme,28.3
285,22,Male,Degree,3,Mason,41,1107,6,Infrastructure,Tier1,Yes,2,0.82,3.1,88,Normal,37.7
286,53,Female,HighSchool,9,Engineer,40,461,10,Commercial,Tier2,Yes,2,0.96,3.5,21,Normal,22.9
287,42,Female,Diploma,9,Mason,95,901,9,Infrastructure,Tier1,No,0,0.61,4.2,74,Rainy,53.9
288,51,Male,None,8,Supervisor,83,859,7,Commercial,Tier3,No,2,0.64,2.9,67,Extreme,37.4
289,22,Female,HighSchool,9,Electrician,79,1387,9,Infrastructure,Tier1,Yes,2,0.84,4.0,54,Extreme,40.1
290,59,Male,Degree,8,Engineer,66,927,10,Infrastructure,Tier3,No,1,0.92,4.7,51,Normal,49.2
291,35,Male,Degree,19,Engineer,73,1460,8,Infrastructure,Tier3,Yes,1,0.61,4.3,96,Extreme,49.1
292,43,Female,Degree,6,Electrician,54,1129,6,Infrastructure,Tier2,Yes,2,0.82,3.4,66,Normal,31.8
293,25,Male,HighSchool,6,Supervisor,66,473,7,Commercial,Tier2,Yes,2,0.99,2.6,72,Extreme,41.0
294,49,Female,Diploma,12,Electrician,60,408,8,Residential,Tier3,No,2,0.87,4.2,13,Normal,26.0
295,43,Male,None,8,Supervisor,80,1384,9,Commercial,Tier3,Yes,0,0.69,2.6,113,Normal,49.2
296,29,Female,Diploma,6,Engineer,60,729,9,Residential,Tier2,No,3,0.68,4.9,39,Rainy,18.4
297,56,Female,None,15,Supervisor,60,1121,10,Residential,Tier3,Yes,0,0.95,2.8,80,Extreme,40.5
298,30,Female,Degree,18,Electrician,85,1194,8,Infrastructure,Tier1,No,1,0.68,4.7,48,Extreme,55.0
299,28,Male,None,0,Engineer,73,792,6,Infrastructure,Tier3,Yes,3,0.81,3.0,68,Extreme,28.4
300,56,Male,Degree,0,Mason,67,510,7,Infrastructure,Tier3,Yes,0,0.79,5.0,62,Extreme,50.6
301,49,Female,Diploma,17,Supervisor,41,1004,9,Residential,Tier2,No,0,0.75,4.0,86,Normal,33.5
302,60,Female,Diploma,6,Electrician,50,1266,9,Commercial,Tier2,Yes,2,0.66,4.4,62,Normal,20.0
303,58,Male,Diploma,18,Engineer,52,1224,6,Commercial,Tier3,Yes,3,0.65,4.5,71,Extreme,22.2
304,46,Female,Degree,15,Supervisor,63,885,9,Infrastructure,Tier3,Yes,2,0.64,3.6,59,Extreme,30.5
305,31,Female,Degree,17,Mason,90,1096,6,Commercial,Tier1,Yes,3,0.66,4.9,113,Rainy,44.3
306,46,Male,None,11,Electrician,87,1443,8,Commercial,Tier1,No,2,0.88,3.1,106,Normal,52.7
307,22,Male,Degree,5,Electrician,85,852,7,Commercial,Tier1,No,0,0.61,2.8,94,Rainy,63.7
308,48,Female,None,16,Supervisor,46,807,6,Commercial,Tier2,No,3,0.61,4.3,73,Extreme,14.4
309,26,Female,None,3,Supervisor,69,637,8,Commercial,Tier3,Yes,2,0.83,4.6,32,Rainy,26.1
310,45,Male,None,13,Engineer,80,1007,7,Infrastructure,Tier2,No,1,0.61,3.3,68,Extreme,47.1
311,30,Male,None,17,Engineer,57,755,7,Residential,Tier1,Yes,1,0.96,4.9,60,Rainy,50.1
312,50,Female,Diploma,11,Electrician,71,929,8,Residential,Tier2,Yes,2,0.97,3.6,107,Rainy,36.1
313,19,Male,Diploma,19,Mason,61,445,9,Commercial,Tier2,No,1,0.6,4.5,10,Extreme,41.1
314,41,Female,Diploma,19,Mason,63,726,9,Residential,Tier3,No,0,0.98,2.8,110,Extreme,43.5
315,44,Male,None,11,Electrician,69,1290,8,Commercial,Tier2,Yes,0,0.74,4.2,98,Normal,50.7
316,26,Female,HighSchool,17,Engineer,51,1471,8,Residential,Tier2,Yes,0,0.6,2.9,29,Normal,34.5
317,26,Male,Degree,9,Mason,61,770,6,Infrastructure,Tier2,Yes,2,0.73,3.6,10,Normal,41.7
318,18,Female,HighSchool,9,Supervisor,51,1151,8,Residential,Tier2,No,1,0.77,3.3,43,Extreme,29.5
319,57,Male,Diploma,4,Mason,51,1156,6,Infrastructure,Tier2,No,2,0.86,4.8,100,Extreme,31.8
320,28,Female,None,4,Engineer,74,1463,7,Residential,Tier1,Yes,1,0.85,5.0,55,Normal,42.8
321,35,Male,HighSchool,0,Engineer,55,458,10,Residential,Tier1,No,0,0.66,4.1,20,Rainy,44.2
322,42,Female,None,2,Mason,66,756,6,Residential,Tier3,No,0,0.91,4.7,115,Normal,38.2
323,27,Female,Diploma,17,Supervisor,84,1005,7,Residential,Tier3,No,2,0.69,3.0,52,Rainy,33.5
324,43,Male,HighSchool,9,Supervisor,72,812,10,Infrastructure,Tier3,Yes,0,0.83,3.1,91,Normal,49.1
325,33,Female,Diploma,11,Mason,72,839,10,Residential,Tier1,Yes,2,0.92,4.2,62,Normal,39.5
326,49,Female,None,19,Electrician,52,584,8,Residential,Tier3,Yes,0,0.96,2.9,19,Rainy,38.7
327,21,Female,Degree,0,Mason,95,1351,7,Infrastructure,Tier3,No,1,0.99,2.9,97,Rainy,51.8
328,42,Male,HighSchool,7,Engineer,80,815,7,Commercial,Tier1,Yes,1,0.8,4.4,11,Extreme,53.1
329,24,Female,HighSchool,13,Electrician,71,1045,8,Commercial,Tier1,No,0,0.97,2.5,24,Normal,52.7
330,21,Female,Degree,2,Mason,95,1175,10,Residential,Tier2,Yes,1,0.72,3.6,42,Normal,51.0
331,24,Female,Diploma,9,Electrician,75,1299,10,Residential,Tier3,No,0,0.84,4.3,118,Normal,42.5
332,21,Female,Degree,2,Mason,66,1029,10,Commercial,Tier3,Yes,1,0.76,2.7,42,Extreme,36.2
333,55,Female,Degree,15,Supervisor,73,1255,6,Residential,Tier1,No,0,0.75,3.0,72,Extreme,56.7
334,19,Male,Diploma,7,Mason,65,665,9,Commercial,Tier2,Yes,0,0.61,3.6,63,Extreme,45.3
335,37,Female,None,3,Mason,59,1161,8,Commercial,Tier2,No,3,0.66,3.7,10,Extreme,16.7
336,23,Male,None,8,Electrician,52,676,7,Commercial,Tier1,Yes,1,0.9,4.9,19,Rainy,44.2
337,54,Male,Degree,15,Mason,65,816,8,Residential,Tier2,Yes,3,0.81,4.0,109,Extreme,40.7
338,32,Female,HighSchool,3,Supervisor,54,869,7,Residential,Tier1,No,1,0.96,3.2,103,Normal,36.7
339,48,Female,Degree,18,Supervisor,60,909,7,Infrastructure,Tier2,Yes,3,0.73,4.9,10,Normal,30.0
340,28,Female,Diploma,12,Electrician,61,871,7,Residential,Tier1,No,1,0.97,3.1,88,Rainy,42.4
341,43,Female,HighSchool,18,Electrician,45,573,9,Commercial,Tier2,No,0,0.67,3.3,86,Rainy,33.8
342,43,Male,Degree,12,Electrician,80,1188,7,Infrastructure,Tier3,Yes,3,0.87,2.8,88,Normal,43.0
343,60,Male,Diploma,16,Mason,66,490,8,Residential,Tier1,No,0,0.93,3.8,84,Extreme,58.8
344,24,Female,Diploma,19,Engineer,93,961,9,Commercial,Tier2,Yes,3,0.98,3.1,35,Normal,41.5
345,26,Male,HighSchool,18,Supervisor,42,441,7,Commercial,Tier3,No,3,0.85,3.4,84,Extreme,22.2
346,28,Female,Diploma,2,Electrician,89,1142,7,Residential,Tier1,Yes,0,0.81,4.6,102,Extreme,53.4
347,32,Male,HighSchool,16,Electrician,63,553,8,Infrastructure,Tier1,No,2,0.9,3.5,60,Extreme,45.0
348,27,Male,Degree,3,Supervisor,80,527,9,Infrastructure,Tier1,Yes,1,0.78,3.0,60,Rainy,58.5
349,49,Female,None,7,Engineer,79,985,10,Commercial,Tier1,No,2,0.98,4.9,44,Normal,42.3
350,54,Female,None,4,Mason,54,729,6,Residential,Tier3,Yes,1,0.74,4.1,59,Rainy,24.6
351,44,Male,None,11,Mason,70,479,10,Commercial,Tier3,Yes,3,0.75,3.4,111,Rainy,29.3
352,20,Male,None,8,Electrician,53,1096,10,Infrastructure,Tier3,Yes,1,0.84,3.5,62,Rainy,35.4
353,32,Male,None,3,Electrician,68,429,9,Residential,Tier2,No,2,0.97,4.5,90,Extreme,40.5
354,41,Female,Degree,0,Supervisor,82,447,6,Commercial,Tier2,No,0,0.75,3.9,66,Extreme,51.8
355,48,Male,Degree,8,Electrician,75,1074,7,Residential,Tier1,Yes,3,0.93,3.3,14,Extreme,49.0
356,21,Male,HighSchool,3,Engineer,86,1384,6,Commercial,Tier2,No,1,0.61,4.9,11,Normal,46.5
357,24,Male,HighSchool,17,Mason,41,1168,10,Infrastructure,Tier3,Yes,2,0.89,3.3,109,Normal,28.3
358,51,Male,None,9,Mason,59,1447,7,Commercial,Tier2,Yes,2,0.74,2.7,12,Normal,34.1
359,34,Female,Degree,0,Electrician,80,731,6,Infrastructure,Tier1,Yes,3,0.95,3.3,50,Extreme,41.0
360,35,Male,None,2,Supervisor,49,814,10,Infrastructure,Tier1,Yes,0,0.62,4.2,56,Extreme,41.6
361,34,Female,Degree,4,Mason,52,428,6,Commercial,Tier3,No,3,0.81,3.3,21,Normal,20.2
362,58,Female,HighSchool,18,Electrician,58,553,8,Residential,Tier3,No,1,0.9,3.5,81,Extreme,33.6
363,26,Female,HighSchool,9,Mason,61,1290,7,Infrastructure,Tier1,No,2,0.75,2.5,119,Extreme,31.1
364,51,Female,HighSchool,6,Electrician,74,1399,9,Commercial,Tier3,Yes,2,0.69,4.5,101,Normal,26.2
365,30,Female,Diploma,10,Supervisor,84,471,10,Infrastructure,Tier1,No,0,0.63,3.5,44,Normal,50.2
366,56,Male,None,12,Supervisor,42,1139,9,Commercial,Tier2,No,3,0.88,4.1,47,Extreme,25.0
367,34,Female,Diploma,16,Supervisor,90,1114,10,Residential,Tier2,No,2,0.77,4.3,49,Rainy,41.2
368,35,Female,Diploma,20,Engineer,85,1061,6,Residential,Tier1,Yes,0,0.83,3.4,16,Extreme,57.6
369,37,Female,None,20,Mason,93,604,9,Residential,Tier3,No,0,0.81,3.0,83,Rainy,52.4
370,23,Female,Diploma,11,Mason,72,722,10,Infrastructure,Tier1,Yes,1,0.93,3.5,52,Normal,45.7
371,19,Female,HighSchool,3,Supervisor,90,1105,9,Residential,Tier3,Yes,3,0.8,4.6,120,Extreme,27.9
372,31,Male,None,16,Engineer,59,497,9,Commercial,Tier1,Yes,3,0.82,3.8,80,Extreme,35.8
373,58,Male,HighSchool,11,Electrician,66,1500,8,Commercial,Tier2,Yes,2,0.66,4.5,100,Extreme,35.9
374,27,Female,Degree,3,Mason,73,570,9,Commercial,Tier1,No,0,0.71,3.7,34,Rainy,52.3
375,38,Female,None,10,Supervisor,68,680,8,Residential,Tier3,No,0,0.92,4.8,49,Normal,41.6
376,30,Female,HighSchool,1,Engineer,71,1110,6,Residential,Tier1,Yes,1,0.65,2.9,26,Normal,36.7
377,43,Female,None,0,Supervisor,50,648,7,Residential,Tier1,Yes,2,0.75,3.8,29,Extreme,24.0
378,58,Male,Degree,9,Supervisor,62,1011,7,Infrastructure,Tier3,Yes,1,0.88,4.7,42,Normal,47.1
379,49,Male,Degree,15,Electrician,55,1005,9,Infrastructure,Tier1,No,3,0.71,3.8,86,Rainy,38.7
380,51,Female,Degree,16,Supervisor,85,703,10,Residential,Tier3,No,0,0.86,3.1,12,Extreme,56.0
381,32,Female,Degree,7,Mason,69,1299,8,Commercial,Tier2,Yes,2,0.63,3.9,107,Normal,34.3
382,29,Female,None,15,Engineer,85,1354,9,Commercial,Tier3,Yes,3,0.67,4.5,11,Normal,26.9
383,30,Male,HighSchool,10,Electrician,64,975,9,Infrastructure,Tier3,No,2,0.77,4.0,90,Rainy,33.0
384,32,Female,None,6,Engineer,84,1465,6,Commercial,Tier3,Yes,3,0.99,4.2,20,Extreme,30.2
385,59,Male,Degree,6,Supervisor,41,744,9,Commercial,Tier2,Yes,3,0.96,2.5,96,Normal,31.4
386,23,Male,Diploma,13,Supervisor,69,1324,10,Residential,Tier1,No,3,0.66,3.3,15,Extreme,35.7
387,43,Male,None,8,Electrician,53,411,7,Infrastructure,Tier1,Yes,3,0.78,3.8,38,Normal,30.2
388,26,Female,HighSchool,16,Supervisor,55,699,9,Infrastructure,Tier2,No,3,0.86,4.7,54,Normal,23.0
389,53,Male,Diploma,9,Engineer,92,673,6,Infrastructure,Tier3,Yes,2,0.91,4.1,72,Rainy,46.7
390,59,Male,None,16,Mason,53,934,7,Infrastructure,Tier2,No,3,0.97,3.9,51,Rainy,32.4
391,57,Female,HighSchool,12,Electrician,54,1250,7,Infrastructure,Tier3,Yes,1,0.91,3.7,18,Normal,30.4
392,30,Male,Degree,10,Electrician,65,1085,7,Infrastructure,Tier2,No,1,0.68,3.6,86,Rainy,48.6
393,26,Female,Diploma,5,Engineer,53,810,10,Commercial,Tier1,No,0,0.77,4.3,19,Rainy,39.1
394,32,Female,None,12,Engineer,64,1267,10,Residential,Tier1,No,2,0.87,4.1,44,Rainy,35.6
395,35,Male,HighSchool,0,Mason,81,1233,6,Infrastructure,Tier2,No,3,0.68,4.8,42,Normal,33.0
396,52,Male,None,19,Supervisor,53,1032,10,Infrastructure,Tier1,No,0,0.69,4.3,46,Rainy,49.7
397,57,Male,HighSchool,4,Mason,64,920,7,Commercial,Tier3,Yes,3,0.92,4.0,65,Rainy,28.2
398,19,Female,Degree,2,Mason,51,605,6,Residential,Tier2,Yes,3,0.74,4.6,106,Extreme,21.8
399,33,Male,None,15,Mason,79,1311,10,Residential,Tier1,Yes,0,0.66,2.8,41,Extreme,58.3
400,25,Male,Diploma,11,Electrician,59,984,9,Commercial,Tier1,No,1,0.97,3.1,56,Normal,49.3
401,25,Female,Degree,12,Mason,71,707,8,Infrastructure,Tier3,No,3,0.75,4.7,87,Extreme,29.0
402,58,Female,Diploma,1,Electrician,46,1212,6,Residential,Tier1,No,0,0.69,3.5,58,Normal,33.5
403,54,Female,None,1,Engineer,65,542,7,Residential,Tier1,Yes,0,0.67,3.3,34,Rainy,40.7
404,22,Female,None,18,Supervisor,58,830,10,Residential,Tier3,Yes,1,0.74,3.3,12,Rainy,30.4
405,38,Female,Diploma,20,Mason,86,864,10,Residential,Tier2,Yes,3,0.8,4.6,34,Extreme,35.4
406,50,Male,Diploma,14,Mason,73,661,6,Commercial,Tier2,No,0,0.64,4.6,44,Extreme,51.2
407,20,Male,HighSchool,6,Electrician,43,502,9,Infrastructure,Tier2,Yes,3,0.83,4.7,110,Rainy,22.6
408,33,Female,Degree,16,Mason,90,849,10,Infrastructure,Tier3,Yes,0,0.78,4.5,117,Extreme,56.4
409,31,Male,None,15,Electrician,83,777,6,Residential,Tier3,Yes,2,0.72,3.3,45,Rainy,41.1
410,21,Male,HighSchool,15,Electrician,84,794,7,Commercial,Tier2,No,1,0.81,4.9,110,Extreme,53.3
411,19,Male,Degree,11,Electrician,94,1118,9,Infrastructure,Tier2,No,1,1.0,2.9,26,Extreme,66.9
412,43,Male,None,16,Mason,69,476,7,Residential,Tier1,Yes,0,0.68,3.8,21,Normal,55.0
413,21,Male,HighSchool,5,Supervisor,41,1276,9,Residential,Tier2,No,1,0.82,2.6,66,Extreme,33.3
414,34,Female,None,3,Electrician,69,791,9,Commercial,Tier1,No,2,0.92,4.2,105,Normal,35.9
415,32,Female,Diploma,7,Engineer,73,732,7,Residential,Tier1,Yes,0,0.94,3.2,63,Rainy,51.1
416,54,Female,Degree,4,Engineer,58,808,8,Commercial,Tier2,Yes,0,0.78,4.8,75,Rainy,44.0
417,38,Female,Degree,12,Mason,45,542,6,Commercial,Tier3,No,0,0.94,4.6,73,Normal,40.4
418,46,Male,None,16,Supervisor,80,919,7,Commercial,Tier2,No,1,0.78,4.6,15,Extreme,51.4
419,48,Male,None,10,Electrician,94,1030,10,Residential,Tier1,No,3,0.81,4.4,84,Rainy,47.8
420,27,Male,Degree,14,Supervisor,48,1310,7,Infrastructure,Tier1,No,2,0.96,3.1,115,Rainy,46.6
421,21,Female,HighSchool,6,Electrician,68,466,9,Residential,Tier1,No,0,0.94,2.7,87,Rainy,48.8
422,47,Male,HighSchool,17,Mason,74,1013,9,Residential,Tier2,No,0,0.86,4.4,87,Extreme,56.9
423,32,Female,Diploma,16,Supervisor,90,861,8,Commercial,Tier2,No,1,0.84,4.2,117,Rainy,48.6
424,58,Male,Degree,6,Supervisor,40,1005,8,Infrastructure,Tier2,Yes,3,0.92,4.3,79,Rainy,30.2
425,21,Male,None,15,Supervisor,50,1219,10,Commercial,Tier2,No,0,0.84,3.5,82,Normal,46.3
426,58,Female,None,20,Supervisor,83,713,6,Residential,Tier1,No,3,0.81,5.0,12,Rainy,38.4
427,21,Male,None,0,Supervisor,44,440,7,Residential,Tier1,No,3,0.91,3.1,56,Extreme,26.8
428,53,Male,HighSchool,9,Engineer,54,883,10,Residential,Tier1,No,1,0.83,5.0,56,Extreme,43.9
429,38,Female,HighSchool,4,Engineer,41,1495,8,Residential,Tier3,No,3,0.67,2.6,34,Normal,6.0
430,30,Male,Degree,18,Mason,48,422,6,Infrastructure,Tier1,Yes,1,0.95,4.1,103,Extreme,53.6
431,49,Male,None,12,Electrician,85,1264,9,Residential,Tier1,Yes,2,0.64,3.1,65,Rainy,47.4
432,31,Female,Degree,4,Engineer,65,680,7,Infrastructure,Tier2,Yes,3,0.8,4.3,85,Extreme,29.2
433,28,Male,HighSchool,8,Engineer,70,1086,7,Infrastructure,Tier1,No,1,0.71,4.8,103,Rainy,47.6
434,43,Male,Degree,8,Mason,49,507,6,Commercial,Tier3,No,0,0.82,4.4,108,Rainy,46.4
435,39,Male,Degree,1,Engineer,89,1435,6,Residential,Tier3,Yes,1,0.84,3.9,102,Normal,54.7
436,41,Female,HighSchool,0,Electrician,80,1307,9,Residential,Tier1,Yes,2,0.66,4.9,53,Rainy,34.2
437,36,Male,Degree,16,Mason,53,922,6,Commercial,Tier1,No,0,0.72,4.5,48,Extreme,56.4
438,28,Male,Degree,4,Supervisor,79,675,6,Infrastructure,Tier1,No,2,0.83,3.4,80,Rainy,53.4
439,59,Female,Diploma,3,Engineer,41,1082,9,Infrastructure,Tier3,Yes,3,0.74,3.9,65,Normal,7.1
440,23,Male,Degree,11,Mason,90,936,9,Commercial,Tier2,Yes,3,0.92,4.5,37,Extreme,51.7
441,44,Male,Degree,10,Mason,56,1151,6,Residential,Tier2,No,1,0.76,4.3,36,Rainy,46.6
442,52,Female,Degree,3,Electrician,65,1352,9,Infrastructure,Tier1,No,1,0.85,3.7,83,Extreme,45.9
443,59,Female,Degree,15,Supervisor,88,1180,10,Residential,Tier1,No,0,0.97,4.7,119,Extreme,67.1
444,28,Male,HighSchool,9,Supervisor,87,657,8,Residential,Tier3,No,0,0.78,3.6,118,Normal,54.1
445,21,Male,HighSchool,3,Mason,62,1230,6,Commercial,Tier1,Yes,2,0.9,3.2,50,Normal,40.7
446,60,Male,Degree,15,Supervisor,69,1148,6,Commercial,Tier2,Yes,0,0.97,4.3,42,Normal,63.5
447,26,Female,None,0,Mason,73,1237,6,Commercial,Tier1,Yes,0,0.86,3.7,103,Rainy,47.4
448,53,Male,HighSchool,6,Engineer,55,1285,8,Infrastructure,Tier1,No,1,0.84,4.4,41,Rainy,43.6
449,47,Female,HighSchool,14,Supervisor,59,859,7,Residential,Tier1,Yes,3,0.62,3.7,81,Rainy,23.2
450,42,Male,Diploma,15,Supervisor,85,1203,6,Infrastructure,Tier1,No,3,0.69,3.8,118,Rainy,43.3
451,52,Female,Degree,15,Supervisor,84,906,8,Commercial,Tier2,Yes,2,0.91,3.4,12,Rainy,48.3
452,59,Female,Degree,7,Supervisor,58,916,7,Residential,Tier1,Yes,1,0.72,3.7,85,Extreme,41.7
453,49,Female,Diploma,9,Supervisor,54,640,6,Commercial,Tier2,Yes,3,0.98,2.7,88,Rainy,22.9
454,44,Male,HighSchool,0,Supervisor,69,1457,10,Residential,Tier2,Yes,0,0.91,4.2,77,Normal,50.8
455,48,Male,Diploma,10,Mason,59,935,8,Infrastructure,Tier2,No,1,0.79,3.1,87,Normal,41.4
456,47,Female,HighSchool,0,Supervisor,76,1381,8,Commercial,Tier2,Yes,1,0.94,3.3,82,Rainy,40.2
457,22,Male,None,7,Electrician,40,1436,8,Infrastructure,Tier1,No,0,0.97,4.5,84,Rainy,46.5
458,29,Male,Degree,19,Electrician,83,470,7,Commercial,Tier2,No,0,0.89,4.2,110,Extreme,68.7
459,33,Male,Diploma,13,Supervisor,94,1104,9,Infrastructure,Tier1,Yes,1,0.97,3.7,16,Normal,63.9
460,36,Female,Degree,20,Engineer,77,1271,10,Infrastructure,Tier1,No,3,0.96,3.0,96,Normal,46.0
461,48,Female,HighSchool,14,Supervisor,66,1330,8,Infrastructure,Tier3,No,0,0.61,3.3,116,Rainy,35.8
462,42,Female,None,12,Engineer,94,1479,9,Commercial,Tier1,Yes,2,0.66,3.5,43,Rainy,43.4
463,20,Male,Degree,10,Mason,61,888,7,Residential,Tier2,Yes,1,0.71,4.2,65,Extreme,47.6
464,59,Male,Degree,10,Engineer,78,604,6,Residential,Tier1,Yes,2,0.77,4.7,59,Rainy,53.6
465,57,Male,Degree,6,Mason,72,479,10,Residential,Tier1,Yes,2,0.64,4.0,24,Rainy,47.4
466,28,Female,None,2,Engineer,78,1326,9,Infrastructure,Tier2,No,3,0.61,4.8,119,Normal,23.0
467,51,Female,None,7,Supervisor,81,1019,8,Infrastructure,Tier3,No,0,0.92,3.9,66,Extreme,45.9
468,22,Male,Degree,1,Engineer,52,1222,10,Residential,Tier1,Yes,2,0.86,4.4,62,Extreme,42.3
469,38,Female,Degree,11,Electrician,40,587,6,Infrastructure,Tier3,No,0,0.71,3.8,111,Extreme,33.5
470,58,Male,HighSchool,15,Engineer,62,683,7,Infrastructure,Tier2,Yes,0,0.88,4.6,94,Rainy,51.9
471,55,Male,HighSchool,7,Electrician,64,1087,6,Infrastructure,Tier1,No,0,0.61,3.4,54,Rainy,48.9
472,22,Female,Diploma,1,Electrician,77,772,8,Infrastructure,Tier3,No,0,0.8,4.3,20,Normal,40.1
473,27,Male,Diploma,9,Supervisor,85,1496,8,Commercial,Tier3,No,0,0.66,4.6,52,Rainy,50.9
474,48,Male,Diploma,3,Electrician,54,1187,9,Commercial,Tier1,No,0,0.82,4.3,113,Rainy,47.9
475,21,Female,None,7,Engineer,50,1352,10,Infrastructure,Tier2,No,3,0.89,4.7,20,Rainy,18.9
476,43,Male,Degree,6,Electrician,86,1182,6,Commercial,Tier2,Yes,3,0.9,4.1,108,Rainy,48.2
477,31,Female,HighSchool,19,Mason,74,443,9,Infrastructure,Tier1,No,0,0.94,4.2,120,Normal,55.1
478,26,Female,Degree,16,Engineer,85,890,10,Residential,Tier3,No,2,0.93,4.0,48,Normal,45.4
479,46,Female,Degree,12,Supervisor,52,912,10,Commercial,Tier2,No,0,0.63,4.3,30,Normal,41.0
480,56,Female,Diploma,5,Mason,55,559,9,Residential,Tier3,Yes,3,0.67,3.2,112,Extreme,11.9
481,19,Female,Diploma,11,Supervisor,58,1338,7,Residential,Tier2,Yes,0,0.61,2.7,117,Extreme,35.7
482,25,Male,Diploma,19,Electrician,79,994,9,Commercial,Tier3,Yes,2,0.94,3.1,64,Extreme,45.1
483,28,Male,HighSchool,0,Engineer,46,595,9,Infrastructure,Tier1,No,2,0.81,3.2,63,Extreme,31.6
484,45,Male,None,10,Electrician,90,1106,9,Residential,Tier2,Yes,2,0.88,4.3,56,Rainy,49.6
485,27,Female,Degree,10,Supervisor,47,859,7,Residential,Tier1,Yes,2,0.97,4.3,102,Extreme,37.2
486,18,Male,Diploma,9,Supervisor,72,751,7,Residential,Tier1,Yes,2,0.74,5.0,40,Rainy,43.3
487,35,Female,Diploma,8,Engineer,79,455,7,Commercial,Tier1,Yes,3,0.91,4.8,11,Normal,35.2
488,52,Female,HighSchool,17,Electrician,55,1071,10,Infrastructure,Tier3,Yes,2,0.95,2.7,120,Rainy,27.1
489,27,Male,None,16,Mason,55,1112,8,Commercial,Tier1,Yes,2,0.84,4.2,41,Rainy,40.6
490,58,Male,None,7,Mason,80,750,9,Commercial,Tier1,No,0,0.77,2.6,113,Normal,58.5
491,56,Female,Diploma,4,Engineer,81,1284,9,Commercial,Tier2,Yes,1,0.77,4.0,21,Extreme,40.0
492,23,Male,HighSchool,15,Electrician,52,1342,10,Residential,Tier1,Yes,1,0.61,4.5,74,Normal,40.5
493,26,Female,Diploma,7,Electrician,71,841,8,Infrastructure,Tier1,Yes,3,0.88,2.6,110,Extreme,31.1
494,50,Male,None,7,Supervisor,67,418,6,Infrastructure,Tier1,Yes,3,0.92,3.9,33,Normal,38.3
495,21,Female,Diploma,11,Engineer,84,1275,9,Commercial,Tier2,No,0,0.65,2.8,21,Extreme,46.9
496,29,Male,Diploma,16,Electrician,83,508,7,Infrastructure,Tier1,Yes,2,1.0,2.5,56,Normal,55.0
497,37,Male,None,0,Electrician,45,1414,7,Commercial,Tier3,Yes,2,0.86,3.8,13,Extreme,24.2
498,19,Female,Diploma,18,Mason,87,1297,9,Infrastructure,Tier3,No,0,0.75,4.7,92,Extreme,48.2
499,28,Male,Degree,10,Electrician,51,1152,10,Commercial,Tier1,No,3,0.92,2.6,42,Extreme,39.8
500,28,Male,None,15,Supervisor,92,459,9,Residential,Tier1,No,3,0.69,3.4,117,Extreme,46.1
501,29,Male,HighSchool,18,Engineer,49,910,6,Commercial,Tier1,No,0,0.73,3.9,102,Normal,48.6
502,37,Male,Degree,13,Engineer,68,612,6,Commercial,Tier2,Yes,2,0.94,2.7,84,Normal,49.9
503,25,Female,HighSchool,8,Supervisor,73,418,6,Commercial,Tier3,No,3,0.84,3.3,87,Rainy,23.4
504,51,Female,Diploma,6,Electrician,69,729,9,Commercial,Tier2,Yes,2,0.84,2.6,69,Normal,31.2
505,54,Female,HighSchool,7,Electrician,65,1070,6,Commercial,Tier1,No,2,0.95,2.6,65,Normal,36.1
506,55,Female,Diploma,5,Supervisor,70,802,7,Residential,Tier2,Yes,1,0.61,3.7,106,Normal,32.7
507,57,Female,Degree,18,Mason,66,875,6,Residential,Tier3,No,1,0.74,3.1,53,Normal,40.6
508,19,Male,HighSchool,17,Supervisor,53,1468,8,Commercial,Tier1,Yes,3,0.65,2.8,72,Extreme,30.3
509,44,Female,HighSchool,12,Electrician,66,1066,9,Residential,Tier1,Yes,2,0.86,4.8,38,Extreme,36.2
510,43,Female,HighSchool,2,Engineer,86,761,8,Infrastructure,Tier3,Yes,3,0.83,3.8,25,Rainy,26.6
511,24,Female,Diploma,6,Engineer,48,773,9,Residential,Tier2,Yes,1,0.67,3.3,31,Rainy,25.4
512,23,Female,None,17,Supervisor,65,1074,9,Residential,Tier1,Yes,2,0.86,2.5,24,Normal,37.3
513,45,Male,Diploma,9,Electrician,41,1424,8,Commercial,Tier2,Yes,2,0.76,3.0,88,Extreme,27.3
514,54,Male,None,2,Electrician,95,447,8,Infrastructure,Tier3,Yes,3,0.81,2.8,119,Extreme,37.8
515,18,Male,HighSchool,12,Supervisor,74,1325,6,Residential,Tier1,Yes,2,0.61,4.1,73,Extreme,42.4
516,26,Male,Degree,6,Engineer,79,1276,10,Commercial,Tier2,Yes,1,0.6,2.6,79,Extreme,51.4
517,22,Female,Degree,1,Electrician,93,1471,8,Residential,Tier1,Yes,2,0.92,4.3,62,Extreme,51.9
518,51,Female,HighSchool,4,Electrician,52,824,10,Infrastructure,Tier1,Yes,0,0.65,2.8,10,Normal,36.0
519,36,Male,HighSchool,1,Engineer,44,537,7,Residential,Tier3,No,3,0.63,4.7,68,Normal,13.5
520,23,Male,Diploma,16,Electrician,95,744,8,Residential,Tier1,No,2,0.64,5.0,71,Normal,52.6
521,56,Male,HighSchool,3,Engineer,62,1484,6,Infrastructure,Tier2,No,0,0.72,3.8,30,Rainy,45.1
522,56,Male,HighSchool,7,Engineer,69,1248,6,Residential,Tier2,Yes,0,0.71,2.9,67,Normal,48.9
523,54,Male,HighSchool,10,Electrician,84,1222,8,Commercial,Tier3,No,0,0.74,3.5,66,Rainy,52.4
524,38,Male,HighSchool,9,Engineer,91,1224,6,Residential,Tier2,No,2,0.83,3.9,57,Rainy,48.7
525,20,Male,Degree,1,Electrician,52,945,10,Commercial,Tier3,Yes,3,0.71,3.5,96,Normal,25.3
526,33,Male,None,3,Engineer,78,1145,8,Infrastructure,Tier2,No,1,0.63,4.6,41,Normal,43.7
527,25,Female,HighSchool,12,Mason,75,1191,10,Commercial,Tier3,No,1,0.61,3.1,40,Extreme,32.8
528,21,Female,HighSchool,19,Electrician,58,1052,6,Commercial,Tier3,No,3,0.72,4.2,23,Normal,18.3
529,29,Female,HighSchool,20,Mason,50,1081,9,Infrastructure,Tier2,Yes,2,0.7,4.7,102,Extreme,25.0
530,55,Female,None,5,Supervisor,63,522,10,Infrastructure,Tier3,No,2,0.67,3.9,110,Extreme,21.1
531,42,Male,Degree,18,Engineer,64,1202,9,Infrastructure,Tier3,No,1,0.71,3.3,120,Normal,47.2
532,33,Male,HighSchool,6,Mason,95,498,9,Residential,Tier3,No,3,0.93,2.8,119,Extreme,41.4
533,25,Female,HighSchool,12,Mason,64,417,6,Infrastructure,Tier1,No,0,0.92,4.3,79,Rainy,48.6
534,29,Male,HighSchool,18,Supervisor,48,1204,8,Residential,Tier2,Yes,2,0.74,2.8,12,Extreme,32.4
535,24,Female,None,5,Supervisor,88,794,9,Infrastructure,Tier2,Yes,0,0.78,3.3,110,Rainy,49.3
536,34,Female,Degree,9,Engineer,62,1417,6,Residential,Tier1,No,2,0.78,3.9,102,Normal,39.1
537,26,Female,HighSchool,13,Electrician,88,527,8,Commercial,Tier1,No,2,0.92,3.0,64,Rainy,46.5
538,21,Male,None,3,Mason,65,1371,10,Infrastructure,Tier1,Yes,3,0.72,2.7,29,Extreme,32.3
539,25,Male,Degree,10,Supervisor,91,1490,10,Commercial,Tier1,Yes,1,0.81,2.9,20,Normal,65.6
540,40,Female,Degree,0,Engineer,53,1272,8,Residential,Tier3,No,1,0.78,3.5,63,Rainy,30.8
541,27,Female,None,1,Supervisor,65,441,6,Residential,Tier2,Yes,3,0.62,4.3,40,Rainy,17.7
542,60,Female,Degree,15,Mason,75,1278,9,Residential,Tier1,Yes,3,0.66,4.8,105,Rainy,37.7
543,56,Male,Degree,9,Mason,93,818,9,Infrastructure,Tier2,No,2,0.92,4.7,29,Normal,58.3
544,29,Female,None,9,Supervisor,74,1180,8,Commercial,Tier3,No,3,0.66,3.4,21,Extreme,20.5
545,22,Female,None,11,Supervisor,69,975,10,Residential,Tier1,Yes,1,0.93,3.0,118,Normal,44.5
546,34,Female,Diploma,2,Supervisor,91,581,8,Residential,Tier1,No,2,0.99,2.9,113,Rainy,45.8
547,38,Male,HighSchool,12,Mason,63,978,10,Infrastructure,Tier2,Yes,3,0.77,3.3,21,Normal,31.2
548,40,Male,Degree,2,Engineer,91,524,6,Residential,Tier2,Yes,2,0.87,4.8,49,Extreme,54.4
549,29,Male,Diploma,15,Mason,88,1172,9,Infrastructure,Tier1,Yes,3,0.94,5.0,53,Rainy,49.5
550,45,Female,Diploma,13,Mason,60,710,8,Infrastructure,Tier2,Yes,1,0.85,2.7,18,Normal,35.9
551,54,Male,Diploma,8,Electrician,94,1176,10,Residential,Tier2,Yes,2,0.76,4.8,34,Normal,48.2
552,47,Female,HighSchool,11,Engineer,90,858,7,Infrastructure,Tier3,Yes,3,0.93,4.8,34,Extreme,32.9
553,33,Female,Diploma,14,Supervisor,94,995,10,Infrastructure,Tier1,Yes,3,0.94,3.5,33,Extreme,43.6
554,51,Male,HighSchool,1,Supervisor,86,1127,8,Infrastructure,Tier2,No,3,0.77,4.1,113,Extreme,37.1
555,34,Male,HighSchool,8,Supervisor,51,997,10,Infrastructure,Tier2,No,0,0.63,3.0,32,Normal,40.4
556,22,Male,Diploma,12,Mason,86,1155,7,Residential,Tier1,Yes,2,0.88,3.9,79,Extreme,52.6
557,30,Male,None,10,Electrician,85,1357,10,Infrastructure,Tier2,No,0,0.78,3.9,66,Normal,57.6
558,43,Male,None,5,Engineer,72,1171,10,Infrastructure,Tier3,Yes,2,0.84,3.0,110,Rainy,36.1
559,29,Male,HighSchool,8,Supervisor,94,904,9,Residential,Tier2,Yes,1,0.93,4.3,85,Normal,57.6
560,33,Female,HighSchool,3,Mason,90,928,7,Infrastructure,Tier3,No,3,0.88,4.6,59,Normal,29.5
561,48,Female,None,17,Electrician,67,1279,10,Infrastructure,Tier3,Yes,3,0.91,2.6,62,Normal,25.1
562,51,Female,None,3,Supervisor,81,1186,8,Infrastructure,Tier1,No,1,0.93,2.6,84,Rainy,46.9
563,54,Female,Degree,12,Mason,80,1366,7,Residential,Tier1,Yes,0,0.82,3.4,100,Normal,60.0
564,38,Female,None,10,Mason,83,1321,9,Residential,Tier1,No,1,0.84,2.6,26,Extreme,48.0
565,22,Male,HighSchool,12,Electrician,64,1248,10,Commercial,Tier3,No,0,0.97,4.6,30,Extreme,49.6
566,42,Male,Degree,15,Engineer,50,1158,8,Residential,Tier1,No,2,0.92,2.7,94,Rainy,46.9
567,26,Male,Diploma,6,Engineer,60,619,8,Infrastructure,Tier2,Yes,2,0.84,4.7,111,Rainy,35.6
568,24,Male,None,5,Supervisor,43,484,10,Infrastructure,Tier2,No,1,0.92,4.1,109,Normal,36.1
569,35,Male,None,4,Mason,62,744,10,Commercial,Tier1,Yes,3,0.74,3.3,82,Extreme,31.8
570,29,Female,None,7,Electrician,49,1034,9,Residential,Tier2,Yes,3,0.88,4.5,101,Normal,18.3
571,22,Male,HighSchool,4,Electrician,89,1169,7,Infrastructure,Tier2,Yes,0,0.93,2.8,52,Normal,60.4
572,36,Male,Degree,1,Engineer,61,1297,10,Residential,Tier3,Yes,2,0.86,3.0,65,Extreme,37.9
573,55,Female,Diploma,6,Engineer,59,1465,10,Infrastructure,Tier2,No,3,0.83,3.4,64,Extreme,21.0
574,55,Male,HighSchool,10,Engineer,83,987,9,Commercial,Tier2,No,3,0.93,4.5,71,Extreme,41.8
575,45,Female,Degree,13,Mason,60,1144,9,Residential,Tier3,Yes,1,0.73,4.9,96,Rainy,36.5
576,33,Female,HighSchool,11,Engineer,84,586,8,Residential,Tier3,No,3,0.69,3.8,87,Extreme,25.7
577,19,Male,None,7,Engineer,91,1005,10,Infrastructure,Tier3,Yes,2,0.62,4.9,85,Normal,39.9
578,48,Female,HighSchool,4,Electrician,90,652,7,Residential,Tier2,Yes,0,0.86,3.0,65,Normal,51.4
579,34,Female,None,19,Supervisor,43,1171,8,Commercial,Tier1,No,0,0.69,4.4,97,Rainy,37.7
580,33,Male,Diploma,2,Mason,76,718,6,Infrastructure,Tier1,Yes,0,0.91,2.6,12,Normal,58.2
581,58,Male,HighSchool,15,Mason,79,1134,10,Residential,Tier3,Yes,2,0.83,3.6,114,Extreme,41.7
582,55,Female,Diploma,8,Engineer,94,909,6,Commercial,Tier3,No,1,0.89,4.4,101,Extreme,44.8
583,32,Female,Degree,9,Electrician,95,978,10,Commercial,Tier1,No,2,0.96,4.6,77,Normal,55.9
584,35,Female,Diploma,12,Electrician,42,1492,7,Residential,Tier1,Yes,1,0.97,3.6,72,Rainy,34.8
585,34,Male,Diploma,2,Engineer,63,531,6,Infrastructure,Tier2,Yes,1,0.7,2.7,35,Extreme,38.8
586,51,Female,HighSchool,13,Electrician,58,1259,8,Residential,Tier1,No,1,0.96,3.3,34,Normal,41.3
587,48,Male,None,8,Engineer,43,1119,7,Residential,Tier1,Yes,1,0.75,3.0,13,Normal,37.6
588,36,Female,Diploma,18,Electrician,57,1117,9,Commercial,Tier2,Yes,0,0.74,3.2,73,Rainy,40.0
589,36,Female,HighSchool,0,Electrician,44,1111,9,Commercial,Tier3,Yes,2,0.89,4.8,60,Normal,16.4
590,49,Female,None,20,Electrician,95,1261,6,Infrastructure,Tier2,No,1,0.86,4.6,33,Extreme,52.2
591,50,Male,Diploma,19,Engineer,69,1114,6,Residential,Tier1,Yes,3,0.72,4.4,32,Rainy,38.7
592,43,Female,None,14,Supervisor,43,638,9,Commercial,Tier2,No,2,0.81,3.5,77,Extreme,22.6
593,50,Female,Diploma,11,Supervisor,65,886,9,Infrastructure,Tier2,No,1,0.82,4.9,22,Normal,36.7
594,23,Male,Diploma,13,Supervisor,78,1195,6,Infrastructure,Tier3,No,3,0.91,4.2,106,Extreme,36.3
595,29,Female,Diploma,12,Mason,62,430,9,Infrastructure,Tier3,No,2,1.0,3.1,91,Normal,29.4
596,32,Female,Diploma,2,Supervisor,50,963,9,Commercial,Tier3,Yes,2,0.91,4.6,76,Extreme,19.8
597,38,Female,HighSchool,1,Supervisor,53,1469,10,Residential,Tier2,Yes,2,0.79,4.7,45,Extreme,22.3
598,25,Male,None,8,Electrician,53,1121,7,Infrastructure,Tier2,Yes,2,0.84,2.8,17,Extreme,33.4
599,36,Female,HighSchool,3,Engineer,86,749,10,Residential,Tier3,Yes,3,0.92,2.6,99,Rainy,28.7
600,45,Male,Degree,9,Engineer,82,1060,8,Commercial,Tier2,Yes,0,0.98,3.0,83,Rainy,67.1
601,59,Female,Diploma,19,Engineer,93,691,10,Infrastructure,Tier3,No,1,0.79,3.5,17,Normal,45.7
602,33,Male,Diploma,16,Engineer,59,767,8,Residential,Tier1,Yes,3,0.63,4.0,86,Extreme,32.0
603,43,Female,HighSchool,13,Electrician,65,986,9,Residential,Tier3,No,3,1.0,4.2,39,Normal,24.9
604,34,Male,Degree,4,Mason,79,624,9,Commercial,Tier3,Yes,3,0.64,3.8,37,Rainy,35.6
605,50,Female,HighSchool,20,Engineer,94,1186,8,Residential,Tier3,Yes,0,0.62,3.8,113,Rainy,49.0
606,56,Female,HighSchool,16,Engineer,66,1153,10,Residential,Tier1,Yes,1,0.62,4.2,85,Normal,38.6
607,36,Male,Degree,11,Mason,63,716,6,Infrastructure,Tier3,No,3,0.97,4.9,117,Extreme,37.9
608,59,Female,Diploma,11,Supervisor,42,1277,10,Residential,Tier3,No,0,0.74,4.9,10,Normal,27.9
609,59,Female,Degree,17,Supervisor,54,818,9,Residential,Tier3,No,2,0.87,4.9,32,Extreme,32.1
610,40,Female,Degree,2,Mason,79,651,7,Residential,Tier3,Yes,0,0.96,3.8,118,Rainy,51.4
611,28,Male,Diploma,16,Mason,89,1117,9,Infrastructure,Tier1,Yes,2,0.66,3.7,24,Normal,50.6
612,56,Female,HighSchool,2,Mason,79,1006,7,Residential,Tier1,No,1,0.92,3.8,63,Extreme,45.6
613,27,Female,None,18,Supervisor,64,1122,8,Residential,Tier1,Yes,1,0.74,3.7,26,Normal,40.8
614,45,Female,Diploma,12,Engineer,65,750,10,Infrastructure,Tier3,Yes,1,0.98,3.6,37,Extreme,36.2
615,20,Male,Degree,11,Electrician,67,1014,9,Residential,Tier2,No,1,0.9,4.2,17,Rainy,54.1
616,52,Female,HighSchool,8,Supervisor,69,1413,10,Infrastructure,Tier3,Yes,0,0.75,3.0,23,Extreme,38.0
617,42,Male,HighSchool,15,Engineer,45,1381,6,Infrastructure,Tier3,No,2,0.67,3.1,47,Normal,24.9
618,38,Male,HighSchool,11,Engineer,72,534,9,Residential,Tier2,No,0,0.62,4.1,53,Rainy,49.5
619,54,Male,HighSchool,2,Electrician,69,1368,6,Residential,Tier2,No,1,0.66,3.2,103,Extreme,40.4
620,19,Male,HighSchool,11,Electrician,71,761,8,Infrastructure,Tier1,No,2,0.85,4.4,86,Rainy,45.7
621,31,Female,HighSchool,19,Mason,53,1328,6,Commercial,Tier2,No,0,0.86,3.5,66,Normal,41.1
622,58,Male,HighSchool,19,Electrician,76,582,9,Residential,Tier1,No,0,0.72,2.6,10,Extreme,59.5
623,18,Female,Diploma,7,Mason,89,897,8,Infrastructure,Tier3,Yes,1,0.65,2.8,74,Rainy,37.7
624,26,Female,None,1,Engineer,44,1430,7,Commercial,Tier3,Yes,3,0.62,4.0,44,Rainy,5.3
625,33,Female,HighSchool,17,Mason,85,763,9,Commercial,Tier3,Yes,2,0.65,3.4,112,Extreme,33.1
626,49,Female,Diploma,7,Supervisor,69,718,8,Residential,Tier1,Yes,1,0.68,4.7,56,Extreme,38.3
627,57,Female,HighSchool,0,Supervisor,48,973,8,Residential,Tier1,Yes,0,0.85,3.8,56,Normal,37.2
628,35,Female,Degree,16,Supervisor,48,1259,10,Infrastructure,Tier2,No,3,1.0,3.9,25,Normal,30.0
629,29,Female,Degree,17,Supervisor,95,797,7,Residential,Tier1,Yes,1,0.73,3.5,29,Extreme,59.7
630,26,Female,Degree,16,Engineer,93,1100,6,Commercial,Tier1,Yes,2,0.65,3.8,10,Normal,51.0
631,20,Male,None,8,Engineer,49,668,9,Infrastructure,Tier2,Yes,1,0.93,4.6,69,Rainy,39.6
632,48,Female,None,4,Mason,74,623,7,Commercial,Tier3,No,3,0.91,4.2,105,Normal,24.0
633,57,Male,HighSchool,8,Electrician,91,1083,7,Infrastructure,Tier1,Yes,2,0.92,3.9,101,Normal,54.2
634,60,Male,None,2,Supervisor,80,693,6,Infrastructure,Tier2,Yes,0,0.81,4.4,27,Normal,53.8
635,19,Male,None,3,Mason,46,1446,6,Commercial,Tier3,No,2,0.98,3.4,91,Rainy,27.9
636,42,Male,Degree,7,Mason,77,1453,9,Residential,Tier1,No,3,0.85,4.1,47,Rainy,47.9
637,27,Female,Degree,13,Electrician,73,661,9,Residential,Tier3,No,3,0.77,2.8,36,Normal,30.5
638,41,Female,None,20,Electrician,85,640,6,Infrastructure,Tier3,No,3,0.9,4.9,97,Extreme,33.0
639,36,Male,HighSchool,0,Engineer,77,1171,8,Commercial,Tier2,Yes,1,0.94,2.6,23,Rainy,48.6
640,18,Female,Diploma,14,Mason,45,669,10,Infrastructure,Tier2,No,1,0.67,4.3,115,Normal,26.6
641,23,Female,Diploma,8,Supervisor,64,432,8,Residential,Tier3,No,2,0.94,2.5,24,Rainy,27.8
642,34,Female,HighSchool,15,Engineer,68,1182,10,Commercial,Tier3,No,2,0.65,4.8,52,Extreme,25.7
643,37,Male,None,0,Mason,66,1101,9,Infrastructure,Tier1,Yes,1,1.0,4.6,86,Rainy,49.4
644,44,Male,HighSchool,6,Supervisor,92,1493,8,Commercial,Tier3,Yes,1,0.71,4.7,47,Extreme,47.8
645,34,Male,HighSchool,1,Electrician,55,1325,9,Commercial,Tier3,Yes,3,0.97,4.5,26,Rainy,24.7
646,46,Male,Diploma,17,Mason,77,434,10,Commercial,Tier2,Yes,2,0.8,4.2,56,Extreme,44.9
647,40,Male,Degree,6,Electrician,47,991,9,Residential,Tier1,Yes,3,0.95,3.3,47,Rainy,37.6
648,34,Male,None,11,Engineer,74,1251,7,Infrastructure,Tier1,No,3,0.95,3.4,83,Normal,42.9
649,54,Male,Diploma,14,Engineer,48,810,6,Commercial,Tier2,No,2,0.67,3.6,55,Normal,29.8
650,55,Female,Diploma,16,Engineer,91,946,9,Infrastructure,Tier3,Yes,0,0.8,3.6,116,Rainy,50.2
651,60,Male,None,6,Engineer,45,853,9,Commercial,Tier3,No,2,0.67,3.5,11,Rainy,22.2
652,58,Male,HighSchool,6,Mason,40,718,9,Residential,Tier2,No,1,0.88,2.7,100,Rainy,34.4
653,30,Male,None,5,Electrician,72,621,7,Commercial,Tier3,No,3,0.81,4.1,70,Normal,29.5
654,25,Male,Diploma,11,Mason,85,1405,9,Residential,Tier1,Yes,0,0.85,3.3,31,Extreme,63.3
655,53,Male,HighSchool,11,Engineer,83,404,6,Infrastructure,Tier1,Yes,1,0.72,2.9,107,Rainy,53.9
656,60,Male,None,9,Mason,64,433,6,Infrastructure,Tier2,No,0,0.84,3.6,70,Rainy,50.1
657,27,Female,HighSchool,7,Mason,63,1303,9,Infrastructure,Tier2,No,1,0.83,3.5,60,Normal,34.9
658,44,Male,None,0,Supervisor,43,523,9,Commercial,Tier3,No,2,0.79,3.5,10,Extreme,22.0
659,20,Male,None,15,Supervisor,91,685,7,Infrastructure,Tier1,Yes,0,0.63,3.8,120,Extreme,62.5
660,32,Male,HighSchool,17,Supervisor,68,927,10,Commercial,Tier1,Yes,3,0.65,4.5,73,Extreme,36.3
661,32,Male,HighSchool,4,Engineer,75,1213,9,Residential,Tier3,No,1,0.76,4.8,47,Rainy,41.4
662,39,Female,Diploma,8,Electrician,57,985,6,Commercial,Tier2,Yes,3,0.73,4.6,31,Normal,18.8
663,54,Female,HighSchool,0,Mason,59,940,7,Commercial,Tier1,No,2,0.81,4.9,59,Extreme,28.8
664,43,Female,None,6,Engineer,67,631,9,Commercial,Tier1,No,2,0.65,3.9,106,Rainy,30.6
665,29,Female,None,5,Electrician,70,1452,8,Residential,Tier1,No,1,0.77,3.9,57,Normal,39.9
666,47,Female,HighSchool,18,Supervisor,65,870,6,Commercial,Tier3,Yes,2,0.69,3.3,67,Normal,26.2
667,60,Female,None,20,Supervisor,92,581,9,Infrastructure,Tier3,Yes,2,0.69,4.6,16,Extreme,37.6
668,27,Female,None,6,Supervisor,57,705,7,Commercial,Tier2,No,1,0.68,3.6,23,Normal,29.2
669,58,Female,None,11,Engineer,60,1276,6,Residential,Tier1,Yes,2,0.95,3.7,65,Normal,35.3
670,37,Male,Degree,6,Supervisor,47,1110,7,Commercial,Tier1,Yes,2,0.94,4.2,108,Rainy,43.4
671,40,Male,None,19,Engineer,73,666,7,Residential,Tier1,Yes,3,0.73,3.0,102,Rainy,40.5
672,42,Male,Degree,16,Supervisor,45,1288,6,Residential,Tier2,Yes,3,0.65,4.9,68,Rainy,29.8
673,59,Female,None,5,Supervisor,90,1497,6,Infrastructure,Tier1,Yes,3,0.61,4.3,58,Rainy,32.7
674,24,Male,Degree,12,Mason,71,1114,6,Infrastructure,Tier1,No,1,0.97,4.3,104,Extreme,61.4
675,49,Female,Degree,7,Engineer,82,1447,7,Infrastructure,Tier3,No,1,0.98,3.9,119,Extreme,48.5
676,28,Female,HighSchool,10,Engineer,61,581,9,Commercial,Tier2,Yes,1,0.83,3.4,50,Normal,35.0
677,56,Male,None,6,Mason,92,932,10,Commercial,Tier3,Yes,2,0.73,2.6,94,Rainy,42.2
678,50,Male,Degree,5,Engineer,82,854,8,Residential,Tier1,Yes,0,0.64,3.6,109,Extreme,63.1
679,21,Male,HighSchool,18,Mason,64,730,7,Commercial,Tier3,Yes,2,0.94,2.7,89,Rainy,38.8
680,33,Male,None,13,Mason,87,429,8,Infrastructure,Tier3,No,1,0.94,4.7,44,Rainy,52.5
681,22,Male,None,5,Electrician,51,1307,9,Commercial,Tier2,Yes,2,0.7,4.7,115,Extreme,28.9
682,39,Male,Degree,11,Engineer,70,890,8,Infrastructure,Tier3,No,1,0.87,4.0,22,Extreme,50.7
683,40,Male,Degree,1,Mason,52,1223,9,Residential,Tier3,Yes,1,0.67,4.6,78,Normal,36.5
684,27,Female,HighSchool,11,Engineer,79,1324,10,Infrastructure,Tier3,Yes,2,0.81,3.5,27,Normal,32.1
685,26,Female,HighSchool,19,Mason,48,788,6,Infrastructure,Tier1,Yes,1,0.74,4.7,22,Rainy,34.7
686,43,Male,Diploma,5,Mason,67,958,10,Residential,Tier3,Yes,0,0.72,3.5,71,Rainy,43.7
687,32,Female,HighSchool,20,Supervisor,94,1056,9,Infrastructure,Tier3,No,0,0.72,3.9,44,Extreme,51.0
688,55,Male,Diploma,6,Supervisor,58,646,9,Residential,Tier2,Yes,2,0.87,2.9,15,Extreme,35.4
689,21,Female,HighSchool,15,Mason,45,943,10,Infrastructure,Tier3,No,1,0.98,3.4,120,Normal,29.1
690,44,Male,None,13,Supervisor,66,1370,9,Residential,Tier2,Yes,1,0.71,2.6,82,Extreme,43.5
691,24,Male,HighSchool,0,Mason,83,725,10,Commercial,Tier2,No,1,0.96,3.8,86,Extreme,51.4
692,40,Female,Degree,10,Supervisor,71,1220,7,Infrastructure,Tier1,No,0,0.87,3.5,108,Extreme,56.8
693,58,Male,HighSchool,2,Mason,58,733,7,Residential,Tier3,No,3,0.64,3.3,96,Rainy,19.6
694,24,Female,None,4,Engineer,76,549,9,Infrastructure,Tier2,Yes,0,0.7,2.6,92,Normal,42.6
695,19,Male,Diploma,0,Supervisor,87,987,6,Infrastructure,Tier3,Yes,1,0.78,4.2,30,Normal,45.4
696,52,Male,Degree,10,Mason,50,1422,7,Commercial,Tier1,No,3,0.72,4.6,108,Extreme,35.4
697,56,Male,HighSchool,3,Engineer,78,466,6,Residential,Tier3,No,3,0.73,4.1,29,Rainy,29.7
698,47,Male,HighSchool,9,Mason,54,562,8,Infrastructure,Tier1,Yes,2,0.94,3.4,36,Extreme,40.1
699,18,Female,Degree,17,Supervisor,40,1020,10,Residential,Tier1,Yes,1,0.89,2.9,31,Rainy,40.9
700,53,Male,Diploma,6,Mason,45,933,7,Commercial,Tier2,No,1,0.66,4.0,103,Extreme,32.0
701,37,Male,HighSchool,17,Electrician,74,1073,9,Commercial,Tier2,Yes,1,0.64,2.8,104,Extreme,46.5
702,46,Male,None,4,Electrician,91,750,10,Residential,Tier3,Yes,1,0.72,4.2,99,Extreme,47.0
703,34,Female,HighSchool,0,Mason,84,1380,7,Residential,Tier2,Yes,2,0.9,3.8,53,Rainy,36.6
704,55,Male,HighSchool,15,Electrician,65,1081,10,Infrastructure,Tier1,No,0,0.68,3.1,113,Extreme,53.1
705,42,Female,Diploma,13,Supervisor,80,1137,10,Residential,Tier1,Yes,2,0.93,4.2,103,Normal,43.5
706,58,Female,Diploma,18,Engineer,57,1133,8,Residential,Tier3,Yes,1,0.94,4.2,75,Rainy,34.0
707,41,Female,HighSchool,5,Electrician,74,1239,9,Infrastructure,Tier2,Yes,1,0.79,4.4,82,Rainy,37.9
708,51,Female,Diploma,10,Mason,45,717,6,Infrastructure,Tier3,Yes,1,0.76,4.0,36,Extreme,23.2
709,48,Male,Degree,8,Mason,40,1352,9,Commercial,Tier3,Yes,3,0.66,4.8,23,Normal,21.6
710,32,Male,HighSchool,12,Engineer,44,862,10,Infrastructure,Tier1,Yes,1,0.76,3.3,28,Normal,39.4
711,27,Female,Diploma,7,Mason,46,1296,9,Commercial,Tier2,Yes,3,0.83,4.2,75,Normal,16.1
712,38,Female,None,20,Mason,42,515,10,Residential,Tier3,Yes,3,0.85,2.8,111,Extreme,14.8
713,52,Male,Degree,16,Mason,81,876,6,Residential,Tier3,Yes,3,0.75,3.2,86,Normal,42.2
714,30,Female,None,15,Mason,82,914,8,Commercial,Tier2,No,2,0.72,2.8,58,Extreme,36.7
715,25,Female,HighSchool,7,Electrician,56,1431,7,Residential,Tier2,Yes,3,0.77,4.5,108,Normal,18.9
716,31,Female,Degree,16,Supervisor,64,512,6,Residential,Tier3,No,2,0.65,4.0,64,Extreme,31.4
717,41,Male,Degree,11,Supervisor,67,989,6,Residential,Tier2,Yes,0,0.87,4.8,95,Normal,59.5
718,18,Female,None,3,Mason,87,1301,7,Commercial,Tier3,No,1,0.7,4.2,67,Rainy,36.7
719,47,Female,HighSchool,6,Supervisor,67,455,8,Commercial,Tier1,No,0,0.63,3.6,20,Normal,42.2
720,52,Female,Degree,5,Mason,45,832,6,Commercial,Tier3,No,0,0.85,4.8,32,Extreme,36.5
721,42,Female,Diploma,3,Mason,48,521,8,Infrastructure,Tier1,No,0,0.91,4.5,91,Rainy,39.3
722,44,Female,None,3,Supervisor,67,957,7,Commercial,Tier3,No,0,0.65,4.0,64,Normal,33.7
723,58,Male,Degree,0,Supervisor,50,794,7,Infrastructure,Tier2,Yes,1,0.67,3.9,44,Rainy,39.4
724,27,Female,None,8,Mason,52,1099,8,Infrastructure,Tier1,No,1,0.97,2.5,82,Extreme,37.6
725,30,Male,None,0,Electrician,46,591,7,Residential,Tier3,Yes,3,0.88,4.6,87,Normal,19.0
726,58,Female,Diploma,12,Supervisor,85,529,9,Commercial,Tier1,Yes,2,1.0,3.2,110,Rainy,46.6
727,39,Male,Degree,8,Engineer,45,1013,10,Residential,Tier2,No,1,0.63,3.6,46,Normal,39.0
728,33,Female,HighSchool,15,Engineer,85,1072,7,Infrastructure,Tier1,No,0,0.63,2.8,12,Normal,52.1
729,22,Female,Diploma,12,Engineer,65,446,9,Infrastructure,Tier2,Yes,2,0.72,4.0,70,Extreme,29.0
730,19,Female,HighSchool,15,Electrician,72,1307,8,Residential,Tier3,No,2,0.78,3.4,89,Normal,29.9
731,42,Male,Degree,17,Supervisor,91,1113,8,Infrastructure,Tier3,No,0,0.88,2.6,39,Normal,67.1
732,29,Male,Diploma,8,Electrician,95,646,6,Infrastructure,Tier3,Yes,3,0.75,2.6,54,Extreme,38.4
733,50,Female,None,16,Engineer,45,1182,6,Infrastructure,Tier2,Yes,1,0.72,2.6,63,Normal,28.2
734,58,Female,Diploma,5,Mason,58,537,9,Infrastructure,Tier1,Yes,1,0.79,4.8,96,Extreme,35.5
735,54,Male,HighSchool,18,Electrician,90,463,9,Commercial,Tier3,Yes,1,0.74,3.7,57,Extreme,51.2
736,36,Male,Degree,19,Electrician,42,1148,10,Residential,Tier1,Yes,2,0.93,3.5,63,Rainy,45.1
737,47,Female,HighSchool,4,Engineer,93,856,8,Residential,Tier1,No,0,0.63,4.4,59,Extreme,52.0
738,46,Male,Diploma,15,Electrician,60,696,9,Infrastructure,Tier1,No,1,0.83,3.4,50,Extreme,48.1
739,40,Male,None,11,Supervisor,56,498,7,Residential,Tier3,Yes,1,0.99,4.2,111,Extreme,40.5
740,48,Female,HighSchool,16,Supervisor,86,736,8,Commercial,Tier3,No,0,0.73,2.7,118,Normal,46.8
741,19,Female,HighSchool,20,Electrician,46,747,10,Residential,Tier3,Yes,3,0.85,5.0,57,Extreme,16.4
742,34,Female,Diploma,14,Engineer,46,1173,9,Commercial,Tier3,No,1,0.88,3.6,61,Extreme,27.2
743,33,Female,HighSchool,15,Supervisor,70,594,10,Commercial,Tier3,Yes,3,0.95,5.0,109,Extreme,26.5
744,21,Female,Diploma,11,Electrician,86,484,6,Commercial,Tier2,No,3,0.91,3.6,82,Extreme,34.9
745,51,Female,None,2,Supervisor,75,1197,10,Infrastructure,Tier2,Yes,1,0.97,3.0,11,Extreme,41.0
746,35,Female,HighSchool,12,Mason,91,590,6,Residential,Tier2,Yes,2,0.79,4.8,68,Extreme,40.8
747,27,Male,Diploma,14,Engineer,92,1136,9,Infrastructure,Tier1,Yes,3,0.81,4.9,83,Extreme,48.2
748,25,Female,None,11,Electrician,83,617,7,Commercial,Tier2,No,2,0.8,4.2,53,Rainy,37.5
749,28,Female,HighSchool,11,Engineer,92,1358,7,Residential,Tier1,Yes,3,0.86,3.7,120,Extreme,40.3
750,31,Female,None,7,Supervisor,48,476,6,Infrastructure,Tier3,Yes,1,0.94,2.6,115,Rainy,27.1
751,47,Female,None,5,Electrician,41,799,9,Infrastructure,Tier1,Yes,3,0.87,2.7,57,Rainy,18.3
752,26,Male,Diploma,19,Electrician,66,989,8,Infrastructure,Tier3,No,3,0.99,3.9,63,Normal,34.9
753,26,Male,None,20,Mason,77,1311,9,Commercial,Tier3,No,1,0.95,4.2,17,Rainy,50.8
754,28,Female,None,6,Supervisor,66,760,10,Residential,Tier3,Yes,3,0.78,3.6,101,Rainy,18.8
755,55,Female,Degree,10,Electrician,90,1390,7,Residential,Tier2,Yes,0,0.93,2.8,19,Normal,61.6
756,59,Male,Degree,2,Mason,77,978,7,Residential,Tier3,No,2,0.72,3.3,28,Extreme,41.8
757,49,Male,None,13,Electrician,81,551,10,Residential,Tier1,No,1,0.87,4.9,84,Extreme,56.7
758,25,Male,HighSchool,10,Engineer,51,888,10,Commercial,Tier2,No,3,0.65,2.8,119,Extreme,23.4
759,55,Female,None,17,Electrician,72,665,6,Residential,Tier2,Yes,0,0.91,3.3,91,Rainy,49.1
760,24,Female,Diploma,5,Mason,44,1232,9,Infrastructure,Tier3,No,2,0.65,2.6,59,Rainy,13.1
761,38,Female,HighSchool,10,Electrician,53,548,10,Residential,Tier1,No,3,0.63,5.0,32,Rainy,19.8
762,50,Female,Diploma,2,Supervisor,53,914,7,Residential,Tier3,Yes,2,0.79,4.1,20,Normal,18.6
763,37,Male,Degree,7,Electrician,58,497,8,Commercial,Tier1,No,3,0.99,2.9,10,Extreme,43.1
764,46,Female,None,16,Mason,50,1009,8,Commercial,Tier3,No,1,0.96,2.7,48,Rainy,31.0
765,57,Male,Degree,12,Mason,68,410,8,Commercial,Tier3,Yes,3,0.95,4.9,71,Normal,39.8
766,18,Male,HighSchool,0,Engineer,80,1406,8,Infrastructure,Tier3,Yes,2,0.75,3.3,112,Extreme,36.0
767,55,Male,HighSchool,8,Supervisor,59,789,9,Infrastructure,Tier1,Yes,0,0.82,2.9,24,Rainy,51.4
768,45,Female,None,8,Mason,73,1493,8,Commercial,Tier2,Yes,0,0.79,2.9,117,Normal,44.4
769,57,Female,Degree,9,Engineer,47,879,7,Commercial,Tier3,Yes,2,0.72,4.5,105,Normal,23.9
770,48,Male,Diploma,1,Mason,86,1200,8,Commercial,Tier3,Yes,2,0.74,3.3,95,Extreme,38.5
771,36,Female,Degree,7,Electrician,70,909,7,Infrastructure,Tier2,Yes,2,0.71,2.5,56,Extreme,36.3
772,29,Female,Diploma,15,Electrician,42,1040,6,Infrastructure,Tier3,Yes,0,0.69,4.3,81,Rainy,28.1
773,41,Male,Degree,6,Electrician,82,1102,7,Commercial,Tier2,Yes,3,0.76,2.6,107,Normal,43.8
774,19,Male,HighSchool,4,Supervisor,70,635,7,Infrastructure,Tier2,No,1,0.91,3.9,61,Normal,46.4
775,45,Male,HighSchool,16,Electrician,86,1209,6,Residential,Tier2,Yes,2,0.96,2.9,87,Extreme,51.4
776,52,Male,Diploma,10,Mason,86,1297,9,Infrastructure,Tier2,Yes,1,0.66,4.0,56,Rainy,49.6
777,23,Male,Degree,8,Mason,81,1042,9,Infrastructure,Tier2,Yes,1,0.62,3.6,32,Normal,53.2
778,34,Male,None,6,Engineer,68,730,10,Infrastructure,Tier2,No,3,0.77,4.4,94,Rainy,31.4
779,34,Male,Degree,20,Supervisor,85,1225,7,Infrastructure,Tier3,No,3,0.89,3.3,94,Extreme,47.8
780,26,Female,Degree,17,Electrician,54,685,6,Residential,Tier2,Yes,1,0.9,5.0,113,Extreme,42.7
781,24,Male,Degree,14,Engineer,54,695,8,Residential,Tier1,Yes,0,0.75,3.7,91,Normal,56.8
782,30,Female,Diploma,9,Mason,56,1224,9,Infrastructure,Tier2,No,2,0.71,3.6,22,Rainy,24.3
783,31,Male,Diploma,8,Engineer,42,764,9,Commercial,Tier2,No,1,0.64,4.5,88,Rainy,31.0
784,31,Male,Diploma,2,Supervisor,61,1237,10,Residential,Tier3,No,3,0.85,3.5,10,Normal,25.0
785,18,Female,None,13,Electrician,55,432,10,Infrastructure,Tier2,No,1,0.76,3.4,117,Rainy,32.1
786,28,Male,Diploma,12,Engineer,74,408,7,Infrastructure,Tier2,Yes,2,0.87,3.7,16,Extreme,43.6
787,29,Female,Degree,18,Electrician,77,1251,9,Residential,Tier1,No,3,0.87,3.0,79,Normal,43.6
788,57,Male,Diploma,20,Mason,73,591,7,Commercial,Tier2,No,2,0.9,4.8,61,Rainy,46.2
789,36,Male,Degree,10,Electrician,43,445,10,Infrastructure,Tier3,No,0,0.97,2.9,58,Extreme,47.6
790,29,Male,Degree,3,Mason,66,1456,9,Infrastructure,Tier3,Yes,0,0.75,2.8,100,Extreme,50.3
791,52,Female,HighSchool,2,Supervisor,56,1324,8,Infrastructure,Tier2,Yes,0,0.93,3.4,35,Normal,38.6
792,34,Female,Diploma,13,Engineer,41,976,9,Residential,Tier2,No,0,0.96,4.4,17,Normal,36.5
793,43,Male,Degree,14,Engineer,89,1073,9,Commercial,Tier1,No,3,0.76,4.4,26,Extreme,53.0
794,19,Female,None,13,Mason,51,1070,8,Residential,Tier2,No,0,0.98,5.0,58,Extreme,40.9
795,42,Female,HighSchool,17,Supervisor,90,1274,8,Residential,Tier3,Yes,2,0.85,2.8,47,Normal,39.1
796,59,Male,HighSchool,13,Engineer,75,1122,9,Infrastructure,Tier3,No,3,0.81,3.9,21,Normal,33.1
797,21,Male,HighSchool,9,Engineer,83,1138,9,Commercial,Tier3,No,3,0.9,4.7,81,Normal,36.9
798,18,Female,Diploma,20,Electrician,62,558,7,Commercial,Tier2,Yes,2,0.62,4.8,13,Rainy,28.2
799,34,Male,Diploma,13,Engineer,53,558,6,Commercial,Tier1,No,1,0.61,3.7,95,Rainy,40.3
800,19,Female,HighSchool,15,Engineer,80,485,9,Residential,Tier3,Yes,1,0.66,3.4,19,Rainy,36.7
801,27,Female,Diploma,2,Engineer,44,1067,8,Commercial,Tier2,No,2,0.82,2.8,50,Extreme,19.6
802,59,Male,HighSchool,20,Engineer,53,465,7,Residential,Tier3,Yes,1,0.65,2.8,28,Normal,35.2
803,43,Male,HighSchool,17,Supervisor,64,459,9,Infrastructure,Tier2,No,2,0.73,3.8,68,Extreme,38.3
804,31,Male,Degree,13,Electrician,91,1379,8,Commercial,Tier2,Yes,2,0.73,4.0,63,Normal,54.9
805,30,Female,None,19,Electrician,51,577,10,Residential,Tier2,Yes,0,0.92,4.3,29,Normal,41.5
806,52,Male,None,13,Mason,89,523,6,Commercial,Tier1,Yes,2,0.68,3.8,55,Rainy,50.1
807,49,Male,HighSchool,7,Electrician,76,567,7,Residential,Tier3,Yes,3,0.71,4.8,26,Rainy,29.7
808,33,Female,HighSchool,6,Engineer,71,690,9,Commercial,Tier1,Yes,0,0.96,4.3,21,Normal,50.4
809,50,Male,HighSchool,11,Electrician,51,434,8,Residential,Tier3,No,1,0.83,2.8,14,Extreme,35.3
810,32,Male,Diploma,11,Electrician,44,685,10,Commercial,Tier3,Yes,3,0.89,3.7,48,Rainy,21.7
811,56,Male,Degree,11,Mason,47,440,9,Residential,Tier3,No,1,0.98,3.6,60,Rainy,43.7
812,25,Female,None,15,Electrician,78,1435,10,Commercial,Tier1,Yes,2,0.6,4.2,86,Rainy,36.7
813,29,Female,Diploma,13,Engineer,82,492,10,Residential,Tier3,No,2,0.77,3.1,90,Rainy,33.1
814,20,Female,Diploma,9,Supervisor,90,1206,6,Commercial,Tier2,No,1,0.69,3.9,35,Rainy,43.5
815,47,Male,Diploma,20,Supervisor,65,742,9,Residential,Tier2,Yes,3,0.97,2.6,32,Extreme,38.4
816,32,Female,None,3,Electrician,94,1360,7,Residential,Tier2,No,2,0.63,2.9,101,Extreme,36.1
817,49,Female,Degree,17,Supervisor,76,1004,7,Residential,Tier1,Yes,3,0.63,2.5,114,Extreme,38.1
818,50,Male,Degree,9,Supervisor,82,925,6,Residential,Tier2,No,2,0.94,4.1,119,Extreme,54.3
819,33,Male,None,3,Electrician,87,505,9,Infrastructure,Tier1,No,2,0.81,4.3,61,Normal,48.9
820,59,Female,Diploma,16,Engineer,74,1128,9,Infrastructure,Tier2,No,1,0.83,3.2,30,Normal,42.0
821,32,Female,HighSchool,17,Electrician,66,826,7,Residential,Tier2,No,3,0.82,2.7,61,Rainy,26.9
822,52,Male,Diploma,12,Mason,90,594,9,Commercial,Tier1,No,1,0.77,4.8,111,Extreme,58.0
823,54,Male,HighSchool,3,Engineer,73,1084,8,Residential,Tier3,Yes,1,0.69,3.8,39,Extreme,38.9
824,32,Male,HighSchool,5,Engineer,94,1348,8,Infrastructure,Tier3,No,0,0.94,3.1,29,Extreme,58.9
825,53,Male,Degree,20,Supervisor,58,1187,7,Commercial,Tier1,No,2,0.97,4.8,109,Normal,52.6
826,54,Female,HighSchool,15,Supervisor,49,431,6,Residential,Tier1,No,3,0.68,3.9,120,Rainy,20.7
827,34,Female,Degree,7,Engineer,71,1256,6,Residential,Tier1,Yes,1,0.92,4.6,53,Normal,50.9
828,25,Female,HighSchool,9,Electrician,64,1331,10,Commercial,Tier3,No,2,0.65,4.3,44,Normal,22.3
829,59,Female,Diploma,16,Electrician,45,1339,8,Residential,Tier1,Yes,1,0.88,3.4,33,Rainy,35.4
830,33,Male,Diploma,19,Mason,89,1415,8,Infrastructure,Tier1,Yes,0,0.94,4.7,43,Extreme,69.1
831,43,Male,HighSchool,4,Engineer,51,1423,8,Residential,Tier1,No,0,0.97,3.2,111,Extreme,50.0
832,19,Female,HighSchool,17,Electrician,74,406,9,Residential,Tier1,Yes,2,0.7,4.0,114,Rainy,37.7
833,28,Female,None,12,Mason,88,1272,7,Residential,Tier1,Yes,3,0.68,4.4,119,Normal,35.4
834,30,Male,None,18,Engineer,67,884,6,Infrastructure,Tier2,No,2,0.85,4.1,78,Rainy,42.2
835,54,Female,Degree,14,Engineer,42,698,10,Infrastructure,Tier3,No,2,0.82,5.0,84,Rainy,25.4
836,38,Male,Degree,20,Supervisor,90,1474,9,Commercial,Tier2,Yes,0,0.91,3.2,118,Normal,72.2
837,23,Male,None,11,Supervisor,72,973,6,Residential,Tier2,No,1,0.64,3.2,29,Normal,43.9
838,22,Female,None,16,Supervisor,92,1148,7,Commercial,Tier2,Yes,2,0.91,3.2,46,Rainy,44.8
839,32,Male,None,7,Engineer,74,1260,6,Infrastructure,Tier2,Yes,1,0.81,3.6,86,Rainy,46.9
840,32,Female,Diploma,12,Supervisor,74,1150,9,Residential,Tier2,No,3,0.92,4.1,38,Rainy,30.6
841,25,Male,HighSchool,7,Engineer,91,462,9,Commercial,Tier2,No,0,0.98,2.5,101,Rainy,63.1
842,28,Female,HighSchool,12,Engineer,93,490,9,Commercial,Tier3,No,0,0.88,4.2,65,Rainy,51.4
843,56,Male,None,0,Mason,41,1085,9,Infrastructure,Tier2,No,3,0.8,3.2,71,Normal,19.4
844,20,Male,Diploma,7,Electrician,69,868,7,Commercial,Tier2,Yes,2,0.79,2.6,41,Normal,38.5
845,45,Male,None,8,Engineer,79,1313,10,Infrastructure,Tier3,No,3,0.75,3.0,14,Rainy,32.0
846,27,Male,None,2,Mason,89,1195,9,Commercial,Tier3,Yes,3,0.9,2.6,15,Normal,37.2
847,54,Male,Degree,2,Supervisor,53,1000,9,Commercial,Tier1,Yes,3,0.98,4.2,58,Normal,39.4
848,23,Female,HighSchool,6,Engineer,95,1095,8,Commercial,Tier2,No,2,0.87,4.3,109,Extreme,42.2
849,51,Male,Diploma,2,Supervisor,87,1307,7,Infrastructure,Tier1,No,3,0.79,3.4,116,Normal,42.2
850,58,Male,Diploma,0,Supervisor,52,638,10,Commercial,Tier3,No,1,0.95,4.7,25,Normal,34.8
851,43,Female,HighSchool,0,Supervisor,73,1405,10,Infrastructure,Tier3,Yes,2,0.99,4.3,60,Rainy,30.0
852,47,Female,HighSchool,13,Engineer,45,1262,8,Infrastructure,Tier3,No,2,0.91,4.1,63,Rainy,21.1
853,33,Female,Diploma,11,Engineer,56,964,10,Residential,Tier1,Yes,3,0.64,3.3,49,Rainy,21.5
854,45,Male,HighSchool,2,Engineer,83,1497,8,Infrastructure,Tier3,No,1,0.89,2.5,35,Extreme,46.6
855,49,Male,HighSchool,19,Mason,49,1033,6,Residential,Tier3,Yes,0,0.97,4.8,66,Rainy,45.7
856,47,Male,HighSchool,2,Electrician,95,1220,8,Residential,Tier3,No,1,0.96,3.3,50,Extreme,52.8
857,57,Male,Degree,11,Engineer,42,494,6,Residential,Tier3,No,3,0.98,4.1,82,Extreme,29.7
858,41,Female,HighSchool,9,Engineer,59,1036,8,Commercial,Tier1,Yes,0,0.68,3.2,41,Rainy,40.9
859,32,Male,HighSchool,16,Mason,57,581,8,Infrastructure,Tier3,No,3,0.68,4.1,64,Rainy,24.2
860,54,Male,None,3,Engineer,88,1500,10,Residential,Tier1,No,0,0.64,3.4,55,Normal,57.9
861,57,Female,None,4,Mason,94,910,8,Commercial,Tier2,No,3,0.93,4.7,78,Extreme,36.4
862,27,Male,None,12,Mason,48,1431,8,Commercial,Tier1,Yes,0,0.83,3.9,90,Rainy,48.4
863,23,Male,Degree,13,Electrician,49,921,8,Residential,Tier3,Yes,0,0.95,3.2,51,Normal,50.5
864,30,Male,Degree,19,Electrician,79,534,7,Residential,Tier3,No,3,0.7,3.8,113,Extreme,41.3
865,29,Female,HighSchool,17,Engineer,78,1491,8,Infrastructure,Tier1,Yes,1,0.94,4.5,67,Extreme,50.1
866,60,Male,None,3,Engineer,51,1437,6,Commercial,Tier2,Yes,0,0.61,3.1,23,Extreme,38.5
867,48,Male,Diploma,15,Engineer,93,648,8,Infrastructure,Tier2,No,1,0.65,2.7,83,Rainy,53.7
868,43,Male,Diploma,6,Mason,74,646,10,Commercial,Tier2,Yes,0,0.97,2.5,74,Rainy,55.8
869,29,Female,Diploma,14,Mason,65,1302,10,Residential,Tier3,No,2,0.74,3.1,90,Rainy,26.0
870,48,Male,None,1,Mason,65,477,9,Residential,Tier2,No,1,0.69,3.8,105,Extreme,39.1
871,36,Male,HighSchool,9,Engineer,55,623,6,Infrastructure,Tier3,No,3,0.65,3.9,30,Rainy,20.7
872,27,Female,Diploma,11,Supervisor,66,897,10,Infrastructure,Tier2,No,2,0.95,3.4,115,Extreme,33.7
873,59,Male,Diploma,4,Mason,51,902,7,Commercial,Tier1,No,1,0.85,3.5,42,Extreme,41.6
874,41,Male,HighSchool,19,Engineer,84,883,8,Infrastructure,Tier2,No,3,0.67,3.0,71,Normal,39.7
875,28,Female,Diploma,17,Electrician,52,1060,7,Residential,Tier2,No,1,0.8,4.5,108,Extreme,32.9
876,40,Female,HighSchool,20,Engineer,75,1018,6,Residential,Tier2,No,2,0.62,3.7,58,Rainy,33.4
877,56,Male,HighSchool,6,Engineer,64,1431,7,Infrastructure,Tier3,Yes,1,0.91,3.5,58,Normal,40.6
878,18,Male,Diploma,10,Engineer,44,1250,6,Infrastructure,Tier2,Yes,3,0.81,3.7,34,Normal,23.8
879,44,Female,Degree,1,Electrician,47,828,8,Infrastructure,Tier1,Yes,3,0.73,2.9,16,Normal,23.7
880,37,Male,Diploma,4,Supervisor,58,573,10,Residential,Tier3,No,0,0.65,4.9,90,Extreme,38.4
881,25,Female,Diploma,19,Electrician,82,617,6,Infrastructure,Tier2,No,2,0.83,3.9,38,Rainy,40.1
882,29,Female,Diploma,16,Supervisor,72,1005,10,Residential,Tier3,No,0,0.66,4.8,30,Rainy,39.8
883,48,Female,Degree,20,Engineer,70,1340,8,Infrastructure,Tier1,Yes,0,0.61,4.7,53,Rainy,54.2
884,46,Male,Degree,0,Supervisor,82,495,8,Infrastructure,Tier1,No,2,0.82,4.2,118,Extreme,53.2
885,35,Male,Degree,16,Electrician,80,1017,10,Residential,Tier3,No,0,0.95,2.8,80,Normal,63.8
886,31,Male,None,18,Electrician,87,549,8,Residential,Tier2,No,3,0.64,4.3,42,Extreme,40.0
887,51,Female,Diploma,17,Engineer,55,1140,10,Infrastructure,Tier3,Yes,3,0.66,3.0,51,Rainy,15.3
888,34,Female,HighSchool,14,Mason,51,1443,6,Commercial,Tier1,Yes,3,0.98,3.3,55,Rainy,27.2
889,54,Female,Degree,11,Supervisor,65,419,7,Residential,Tier2,No,2,0.97,4.5,103,Extreme,40.7
890,38,Female,Diploma,0,Engineer,55,907,7,Commercial,Tier1,No,0,0.8,4.3,83,Rainy,39.0
891,60,Male,Degree,5,Mason,81,1039,9,Infrastructure,Tier2,Yes,0,0.81,4.9,57,Normal,62.1
892,29,Male,Diploma,2,Engineer,77,894,7,Commercial,Tier2,Yes,3,0.77,2.7,107,Rainy,33.8
893,44,Male,Diploma,12,Supervisor,94,710,8,Commercial,Tier3,No,1,0.72,4.1,40,Normal,50.6
894,35,Male,None,20,Mason,77,622,8,Residential,Tier2,No,3,0.63,5.0,105,Extreme,36.4
895,46,Female,Degree,20,Electrician,73,1366,6,Commercial,Tier3,No,1,0.8,3.3,88,Rainy,45.2
896,33,Female,HighSchool,11,Engineer,85,661,6,Infrastructure,Tier2,No,1,0.72,2.7,106,Rainy,42.7
897,56,Female,HighSchool,6,Supervisor,69,978,8,Infrastructure,Tier2,Yes,2,0.87,2.8,92,Extreme,31.8
898,18,Male,Degree,19,Supervisor,41,957,10,Infrastructure,Tier3,Yes,0,0.99,2.9,97,Extreme,49.9
899,49,Male,None,12,Mason,86,1392,10,Infrastructure,Tier3,Yes,1,0.63,3.5,79,Rainy,45.6
900,25,Female,HighSchool,15,Supervisor,69,614,10,Infrastructure,Tier1,Yes,0,0.74,4.8,36,Rainy,47.9
901,28,Male,Degree,18,Supervisor,67,951,9,Infrastructure,Tier2,Yes,2,0.7,2.7,61,Extreme,46.2
902,57,Female,Diploma,12,Mason,70,689,9,Infrastructure,Tier2,Yes,2,0.63,3.3,12,Rainy,29.2
903,48,Male,Diploma,19,Electrician,67,1325,7,Commercial,Tier1,Yes,2,0.65,3.9,20,Extreme,42.5
904,18,Female,HighSchool,11,Engineer,49,1357,8,Residential,Tier3,Yes,1,0.67,4.6,64,Normal,23.3
905,19,Male,Degree,11,Mason,65,1483,6,Residential,Tier1,No,0,0.8,2.7,19,Normal,61.3
906,55,Female,Degree,8,Supervisor,71,904,10,Commercial,Tier2,Yes,3,0.85,4.4,12,Normal,33.8
907,50,Male,None,1,Electrician,40,588,9,Commercial,Tier3,No,0,0.78,3.8,105,Extreme,32.9
908,40,Male,HighSchool,17,Supervisor,47,1492,7,Infrastructure,Tier2,Yes,3,0.62,4.6,112,Normal,23.3
909,38,Male,Diploma,1,Engineer,44,1479,6,Infrastructure,Tier2,No,3,0.63,4.4,114,Normal,17.5
910,39,Male,HighSchool,4,Electrician,55,1261,10,Residential,Tier3,Yes,3,0.79,4.0,78,Normal,22.0
911,33,Female,None,15,Mason,55,640,10,Infrastructure,Tier3,Yes,1,0.74,4.8,83,Normal,28.3
912,34,Female,HighSchool,14,Supervisor,86,1279,6,Infrastructure,Tier1,No,1,0.66,2.5,52,Extreme,46.8
913,40,Male,None,9,Supervisor,82,883,7,Commercial,Tier3,No,3,0.8,4.4,79,Rainy,34.5
914,41,Female,HighSchool,10,Engineer,94,536,7,Residential,Tier2,Yes,0,0.95,3.1,28,Normal,56.6
915,45,Female,Degree,0,Mason,86,1003,6,Residential,Tier3,Yes,3,0.62,3.4,104,Rainy,28.8
916,41,Female,HighSchool,10,Supervisor,79,539,8,Residential,Tier2,Yes,0,0.9,4.9,74,Extreme,49.6
917,33,Male,HighSchool,8,Mason,68,652,6,Residential,Tier1,Yes,2,0.75,3.5,83,Rainy,41.6
918,40,Male,Degree,19,Mason,63,1235,9,Commercial,Tier1,Yes,3,0.69,3.7,27,Extreme,42.7
919,36,Female,Degree,8,Supervisor,53,405,10,Commercial,Tier1,No,1,0.83,3.1,71,Rainy,42.2
920,38,Female,Degree,18,Supervisor,49,515,8,Commercial,Tier3,Yes,2,0.81,2.9,13,Rainy,29.2
921,46,Female,Degree,6,Supervisor,69,524,9,Residential,Tier2,No,3,0.91,3.2,23,Extreme,33.6
922,58,Male,None,3,Engineer,44,948,6,Infrastructure,Tier3,Yes,1,0.83,3.2,93,Rainy,30.1
923,19,Female,None,2,Mason,90,1172,10,Commercial,Tier3,Yes,2,0.92,2.5,102,Extreme,36.0
924,30,Female,Diploma,16,Engineer,79,1052,10,Residential,Tier3,Yes,3,0.61,4.2,98,Extreme,23.6
925,23,Male,Degree,10,Electrician,58,861,6,Infrastructure,Tier2,No,0,0.87,4.1,84,Normal,55.6
926,19,Female,Degree,5,Supervisor,69,1316,7,Infrastructure,Tier3,No,1,0.66,2.7,24,Rainy,36.3
927,38,Female,Degree,7,Supervisor,48,566,10,Commercial,Tier2,Yes,2,0.9,2.5,102,Normal,31.3
928,55,Male,None,4,Supervisor,51,880,10,Infrastructure,Tier1,No,0,0.7,4.2,83,Rainy,44.6
929,37,Male,None,15,Mason,40,1476,6,Infrastructure,Tier2,Yes,0,0.9,4.3,66,Normal,43.5
930,52,Male,HighSchool,10,Engineer,87,618,8,Commercial,Tier1,Yes,2,0.65,3.8,33,Rainy,47.8
931,43,Female,Degree,20,Supervisor,95,891,10,Infrastructure,Tier1,No,1,0.82,4.4,106,Rainy,62.4
932,35,Female,None,12,Engineer,54,1183,9,Infrastructure,Tier3,No,1,0.74,3.9,54,Extreme,27.0
933,55,Male,Degree,4,Supervisor,82,769,6,Infrastructure,Tier2,No,2,0.9,4.1,93,Extreme,52.0
934,32,Female,Diploma,4,Engineer,52,1450,10,Residential,Tier3,Yes,2,0.73,3.5,29,Extreme,17.6
935,38,Male,Degree,11,Mason,64,539,8,Residential,Tier3,No,2,0.72,4.0,97,Normal,39.3
936,40,Male,None,15,Mason,50,451,10,Commercial,Tier3,No,2,0.62,3.0,108,Rainy,25.9
937,37,Male,Degree,16,Engineer,87,1104,7,Infrastructure,Tier1,No,3,0.73,4.2,117,Normal,52.2
938,47,Male,HighSchool,12,Electrician,69,1138,6,Infrastructure,Tier3,No,2,0.7,4.6,19,Rainy,34.2
939,38,Female,Diploma,12,Engineer,78,1146,8,Commercial,Tier3,No,2,0.83,3.2,70,Normal,32.4
940,26,Male,Diploma,6,Mason,94,944,7,Infrastructure,Tier3,Yes,0,0.97,3.6,53,Rainy,59.8
941,26,Male,Diploma,12,Electrician,93,638,6,Residential,Tier3,No,3,0.72,3.7,28,Rainy,38.2
942,33,Male,Degree,15,Mason,53,1293,8,Residential,Tier3,Yes,2,0.73,3.0,69,Rainy,36.3
943,50,Male,HighSchool,1,Supervisor,44,497,8,Commercial,Tier2,No,0,0.98,2.6,77,Extreme,42.5
944,56,Male,Diploma,3,Electrician,76,818,6,Infrastructure,Tier3,No,1,0.99,4.9,62,Extreme,46.1
945,25,Female,Degree,19,Supervisor,60,1354,7,Residential,Tier3,No,3,0.63,3.9,36,Rainy,24.3
946,22,Female,None,0,Electrician,51,1498,9,Residential,Tier3,No,1,0.69,4.4,30,Normal,21.2
947,27,Male,None,18,Mason,77,906,9,Infrastructure,Tier2,No,3,0.72,4.1,33,Rainy,37.6
948,52,Female,HighSchool,17,Supervisor,54,1023,10,Residential,Tier1,No,2,0.77,5.0,103,Extreme,31.1
949,22,Female,None,17,Electrician,82,580,8,Residential,Tier3,Yes,3,0.81,4.5,75,Normal,29.1
950,22,Male,Diploma,5,Engineer,94,1200,7,Commercial,Tier1,No,2,0.92,3.6,83,Rainy,54.5
951,25,Female,Degree,2,Engineer,89,810,10,Infrastructure,Tier1,No,0,0.74,3.1,112,Extreme,59.0
952,38,Male,Degree,13,Supervisor,70,1266,8,Residential,Tier1,Yes,1,0.82,4.6,109,Rainy,58.3
953,40,Male,Degree,20,Engineer,53,1284,7,Residential,Tier1,Yes,1,0.81,2.9,87,Extreme,53.4
954,46,Female,Diploma,18,Electrician,44,994,10,Commercial,Tier3,No,1,0.75,2.8,76,Extreme,25.0
955,20,Male,HighSchool,4,Supervisor,64,525,6,Residential,Tier2,Yes,3,0.69,3.9,45,Extreme,27.6
956,41,Female,Diploma,12,Mason,81,1318,6,Commercial,Tier3,Yes,3,0.93,3.9,87,Rainy,29.6
957,60,Male,Diploma,18,Mason,44,818,6,Infrastructure,Tier3,No,1,0.84,5.0,96,Rainy,34.8
958,35,Male,Diploma,3,Mason,40,1180,7,Infrastructure,Tier2,Yes,2,0.7,3.3,73,Extreme,23.9
959,34,Female,Diploma,2,Electrician,84,867,6,Infrastructure,Tier1,Yes,0,0.87,3.7,28,Rainy,52.6
960,48,Male,Diploma,19,Engineer,61,734,8,Residential,Tier2,No,0,0.73,4.5,34,Extreme,49.7
961,23,Male,Degree,17,Mason,62,1061,8,Residential,Tier3,Yes,0,0.77,3.6,65,Extreme,53.3
962,59,Female,Degree,4,Electrician,80,468,7,Residential,Tier1,No,2,1.0,3.3,76,Extreme,49.2
963,27,Female,Degree,3,Engineer,81,624,7,Infrastructure,Tier3,No,3,0.81,3.7,102,Extreme,31.5
964,46,Male,None,20,Supervisor,83,1220,7,Residential,Tier1,Yes,2,0.66,4.1,44,Normal,49.4
965,51,Female,None,7,Engineer,67,689,7,Commercial,Tier3,Yes,1,0.83,3.7,100,Extreme,32.5
966,39,Male,HighSchool,3,Engineer,69,1497,7,Commercial,Tier3,No,2,0.7,3.5,102,Rainy,31.5
967,27,Male,None,5,Mason,53,900,9,Residential,Tier2,No,2,0.86,2.5,69,Rainy,32.9
968,42,Male,Degree,9,Engineer,68,793,10,Residential,Tier2,No,3,0.69,3.3,38,Normal,37.7
969,58,Female,HighSchool,16,Engineer,86,935,6,Residential,Tier1,Yes,0,0.62,4.0,78,Extreme,52.6
970,21,Male,None,8,Supervisor,68,935,6,Commercial,Tier3,Yes,2,0.85,4.6,110,Rainy,35.6
971,28,Female,Diploma,0,Electrician,63,1311,8,Commercial,Tier1,Yes,0,0.76,3.5,20,Extreme,41.4
972,48,Female,HighSchool,1,Electrician,56,579,10,Infrastructure,Tier3,Yes,2,0.94,3.5,85,Extreme,22.5
973,32,Male,Diploma,11,Mason,70,1322,9,Infrastructure,Tier3,No,3,0.66,4.6,51,Normal,27.5
974,53,Female,Degree,6,Engineer,58,858,7,Infrastructure,Tier2,No,1,0.67,4.6,102,Extreme,36.4
975,50,Male,Degree,12,Mason,66,1036,7,Commercial,Tier2,Yes,1,0.99,2.6,30,Normal,55.8
976,32,Male,None,2,Engineer,51,552,8,Infrastructure,Tier3,Yes,1,0.75,3.4,39,Rainy,31.0
977,31,Male,None,10,Electrician,63,1164,6,Residential,Tier1,Yes,3,0.68,3.9,29,Normal,32.8
978,51,Male,None,11,Mason,53,1349,7,Infrastructure,Tier1,Yes,0,0.66,4.6,114,Rainy,46.7
979,53,Male,HighSchool,9,Electrician,61,1478,8,Infrastructure,Tier1,No,2,0.76,2.6,43,Normal,39.3
980,39,Male,Diploma,3,Engineer,48,1229,8,Commercial,Tier3,Yes,3,0.89,4.8,20,Normal,20.9
981,51,Female,None,3,Electrician,76,759,10,Residential,Tier1,Yes,3,0.79,4.1,61,Extreme,30.1
982,57,Female,HighSchool,8,Engineer,54,1045,8,Infrastructure,Tier2,Yes,3,0.83,2.8,63,Normal,19.6
983,33,Male,Diploma,2,Electrician,61,779,9,Residential,Tier2,Yes,1,0.67,3.6,29,Normal,37.4
984,29,Female,Diploma,20,Electrician,53,915,10,Residential,Tier3,No,0,0.73,3.3,38,Normal,34.8
985,27,Female,None,15,Supervisor,46,1200,9,Commercial,Tier3,Yes,2,0.81,3.9,66,Extreme,20.1
986,21,Female,None,1,Electrician,67,1272,9,Infrastructure,Tier1,No,0,0.74,2.6,114,Normal,42.9
987,26,Male,Degree,16,Supervisor,53,464,9,Infrastructure,Tier2,No,3,0.82,2.9,90,Normal,36.4
988,18,Male,Diploma,1,Mason,77,675,6,Residential,Tier1,Yes,0,0.99,4.1,10,Rainy,59.9
989,36,Female,None,17,Supervisor,76,1480,9,Residential,Tier1,No,2,0.96,2.7,20,Extreme,43.7
990,28,Male,Diploma,14,Mason,45,1024,6,Residential,Tier2,Yes,2,0.88,4.4,73,Normal,32.8
991,18,Female,None,15,Electrician,66,1265,7,Infrastructure,Tier3,Yes,0,0.9,3.4,107,Extreme,41.9
992,32,Female,HighSchool,5,Engineer,53,616,8,Commercial,Tier2,No,3,0.96,4.0,41,Rainy,20.9
993,44,Female,Degree,20,Supervisor,44,639,6,Commercial,Tier1,Yes,3,0.92,2.8,64,Rainy,32.0
994,51,Female,Diploma,3,Electrician,69,955,6,Infrastructure,Tier2,No,2,0.85,2.9,84,Rainy,30.5
995,19,Female,Diploma,11,Mason,92,1474,10,Commercial,Tier3,No,3,0.69,3.1,22,Normal,28.9
996,45,Male,None,10,Supervisor,70,1299,6,Residential,Tier1,Yes,0,0.99,2.9,26,Extreme,59.8
997,33,Female,Diploma,16,Supervisor,68,1293,10,Residential,Tier2,No,1,0.66,3.0,68,Normal,36.2
998,56,Female,Degree,0,Electrician,63,877,8,Infrastructure,Tier1,No,3,0.96,2.6,108,Extreme,34.4
999,44,Female,None,0,Engineer,74,536,9,Residential,Tier3,No,0,0.67,4.3,20,Normal,36.0
1000,20,Female,Diploma,17,Supervisor,93,1001,7,Infrastructure,Tier3,Yes,2,0.68,4.1,70,Rainy,36.9
